Timestamp,No. pulses,No. Test,R,Succes,dt_Ron,Amp_RonR,q,E_memristor,State
1676902774.0745368, 0, 0, 1.2704429704431497,False, 0.01, -1, 0.02611933147035183,0.0070959108986245155,R_on
1676902776.2866068, 1, 0, 3.2222142944414482,False, 0.01, -1, -0.0014898276289985525,0.00042783069813053003,R_on
1676902778.5010593, 2, 0, 25.09499283052542,False, 0.01, -1, -0.0009742606315390364,0.0005048603669486251,Unknown
1676902780.7189791, 3, 0, 27.08278524305582,False, 0.01, -1, -0.0007538341784129596,0.00048387445079879995,Unknown
1676902782.9380167, 4, 0, 38.73754159566642,False, 0.01, -1, -0.0006621850164432685,0.0004521372370765553,Unknown
1676902785.1432724, 5, 0, 45.77157135332744,False, 0.01, -1, -0.0005201122722327992,0.0003914531984801553,Unknown
1676902787.3610666, 6, 0, 51.18092320514965,True, 0.1, 1.5, -0.0005021391128061062,0.0003819908751799748,R_off
1676902789.5783076, 0, 1, 1.1797265267758867,False, 0.01, -1, 0.026323251353873405,0.0068926345450311885,R_on
1676902791.7966383, 1, 1, 1.6547984241447928,False, 0.01, -1, -0.001589660696324202,0.000388209448599932,R_on
1676902794.0140104, 2, 1, 3.2450438882968187,False, 0.01, -1, -0.0014604515884495245,0.0004435602487124601,R_on
1676902796.2335536, 3, 1, 42.504054283735485,False, 0.01, -1, -0.0006918386143956768,0.00045068332405892846,Unknown
1676902798.456456, 4, 1, 55.61044087681813,True, 0.1, 1.5, -0.0004823903749674085,0.0003711901159063722,R_off
1676902800.6746607, 0, 2, 1.1997398084427449,False, 0.01, -1, 0.026085259786671984,0.007127696022804976,R_on
1676902802.9184425, 1, 2, 1.9386623639735672,False, 0.01, -1, -0.0015674350744153834,0.0003980274469333925,R_on
1676902805.1316102, 2, 2, 17.090412849902915,False, 0.01, -1, -0.0013075862961392755,0.000487704188107846,Unknown
1676902807.3448386, 3, 2, 41.596222018818736,False, 0.01, -1, -0.0006905350403112341,0.00046191576081073117,Unknown
1676902809.5604792, 4, 2, 53.65831983376094,True, 0.1, 1.5, -0.0006171108669631998,0.0004363181254378346,R_off
1676902811.7820604, 0, 3, 1.0597720210679824,False, 0.01, -1, 0.02636933460282924,0.0068459246533908846,R_on
1676902813.9978187, 1, 3, 1.2433547938182354,False, 0.01, -1, -0.001678945837443949,0.0003397212709637332,R_on
1676902816.21421, 2, 3, 1.317079545084139,False, 0.01, -1, -0.0016492729470216777,0.0003568416527426895,R_on
1676902818.42443, 3, 3, 1.4055910180015336,False, 0.01, -1, -0.0016224630956834351,0.00037202159149714656,R_on
1676902820.6310506, 4, 3, 1.7377872393410099,False, 0.01, -1, -0.001573057946129065,0.00039694255994323014,R_on
1676902822.8637264, 5, 3, 32.48248269514717,False, 0.01, -1, -0.000924442360046333,0.0004654985378540661,Unknown
1676902825.0681975, 6, 3, 34.336970549725635,False, 0.01, -1, -0.0006728060225115641,0.0004574278391457177,Unknown
1676902827.2871993, 7, 3, 24.176779839791937,False, 0.01, -1, -0.0006518462229271689,0.00044962982480519794,Unknown
1676902829.5131497, 8, 3, 37.66216124872312,False, 0.01, -1, -0.0006678352494405401,0.0004558623901579484,Unknown
1676902831.7191727, 9, 3, 33.52696444034902,False, 0.01, -1, -0.000652142505078425,0.0004499603159587463,Unknown
1676902833.935866, 10, 3, 41.65322909645809,False, 0.01, -1, -0.0006758796895632466,0.0004573779415075527,Unknown
1676902836.162615, 0, 4, 1.1430544952673258,False, 0.01, -1, 0.026110973745639476,0.007101615559482801,R_on
1676902838.3759687, 1, 4, 1.277291454341367,False, 0.01, -1, -0.001669518631922255,0.00034527914798280606,R_on
1676902840.606053, 2, 4, 509.4366983581089,True, 0.1, 1.5, -0.0011721463325816196,0.00031382543708072074,R_off
1676902842.8248978, 0, 5, 1.1806379717778257,False, 0.01, -1, 0.025881389032142172,0.007319263134589266,R_on
1676902845.03071, 1, 5, 294.84769922407895,True, 0.1, 1.5, -0.0008097551912882797,0.0002174167564702578,R_off
1676902847.2417283, 0, 6, 1.2067954577071163,False, 0.01, -1, 0.025977699068592087,0.00722867599924552,R_on
1676902849.4521441, 1, 6, 399.91041985490125,True, 0.1, 1.5, -0.0007911808465827847,0.00023435145540417682,R_off
1676902851.6758883, 0, 7, 1.4538094751374613,False, 0.01, -1, 0.025559067459001945,0.007594602402435256,R_on
1676902853.8832238, 1, 7, 217.61813615125672,True, 0.1, 1.5, -0.00035705373797483356,0.00023503421096009665,R_off
1676902856.0910678, 0, 8, 1.3477647322386987,False, 0.01, -1, 0.025893483701166866,0.007303579756032821,R_on
1676902858.2974665, 1, 8, 257.32827811256726,True, 0.1, 1.5, -0.00028840612623512045,0.00019314340429104238,R_off
1676902860.5071402, 0, 9, 1.643263516703781,False, 0.01, -1, 0.02580555315436186,0.0073912124418862345,R_on
1676902862.7270856, 1, 9, 70.3275153015355,True, 0.1, 1.5, -0.00036542678345391646,0.0002557024559039332,R_off
1676902864.9892285, 0, 10, 1.5555682044596706,False, 0.01, -1, 0.025889906127925407,0.007309112271142122,R_on
1676902867.2058342, 1, 10, 60.60147622331162,True, 0.1, 1.5, -0.0007232064995980465,0.0003478579072800203,R_off
1676902869.4169106, 0, 11, 1.3960320207177093,False, 0.01, -1, 0.025858897701751957,0.007333729936308488,R_on
1676902871.6232483, 1, 11, 363.5365592973723,True, 0.1, 1.5, -0.0002683257465089907,0.00014068701949487172,R_off
1676902873.8228402, 0, 12, 1.4434403545247683,False, 0.01, -1, 0.025884628902175102,0.007308092161735865,R_on
1676902876.0487733, 1, 12, 650.4734579470194,True, 0.1, 1.5, -0.00014607207019141954,9.756059441211407e-05,R_off
1676902878.3131049, 0, 13, 1.18675313227275,False, 0.01, -1, 0.026385668578010536,0.006840897728872504,R_on
1676902880.5442548, 1, 13, 626.2610276483974,True, 0.1, 1.5, -0.0004533805483844798,0.00015486641824869848,R_off
1676902882.7542067, 0, 14, 1.2326981762562124,False, 0.01, -1, 0.02594399922197623,0.007255251640657462,R_on
1676902884.964532, 1, 14, 401.7640518187494,True, 0.1, 1.5, -0.0007149385682647427,0.0002112317692699685,R_off
1676902887.1763275, 0, 15, 1.3025873505923204,False, 0.01, -1, 0.02578977929707965,0.00739813105887863,R_on
1676902889.3911037, 1, 15, 1392.0846251305495,True, 0.1, 1.5, -0.0009931974687765572,0.000273651684386924,R_off
1676902891.6070845, 0, 16, 1.824304926609104,False, 0.01, -1, 0.025645642860349274,0.007510438372339721,R_on
1676902893.818294, 1, 16, 238.86985227382203,True, 0.1, 1.5, -0.00035849232505476573,0.00017260025467605777,R_off
1676902896.02491, 0, 17, 1.3857044919669934,False, 0.01, -1, 0.025654899273712038,0.0075118045299511806,R_on
1676902898.2396438, 1, 17, 405.07419210435785,True, 0.1, 1.5, -0.0003940274519202347,0.00017453172868013976,R_off
1676902900.4817092, 0, 18, 1.5374207535277467,False, 0.01, -1, 0.025649114719272958,0.007522810914789539,R_on
1676902902.7385929, 1, 18, 570.1369400292489,True, 0.1, 1.5, -0.0007330500632739774,0.0002534588367727771,R_off
1676902904.9509156, 0, 19, 1.4559894238055153,False, 0.01, -1, 0.025710493006907767,0.0074524831379842674,R_on
1676902907.159102, 1, 19, 122.40234302876173,True, 0.1, 1.5, -0.0009589708056480078,0.0003576710584608694,R_off
1676902909.3769696, 0, 20, 1.3776317396681312,False, 0.01, -1, 0.02563081380978957,0.0075229496571801915,R_on
1676902911.5948956, 1, 20, 1214.6294398147938,True, 0.1, 1.5, -0.0010837229868060564,0.0003120808496654286,R_off
1676902913.8037605, 0, 21, 1.2092855895205934,False, 0.01, -1, 0.025892085016129416,0.007302348298452152,R_on
1676902916.0211835, 1, 21, 2.908739052963657,False, 0.01, -1, -0.0015518588657557062,0.0004036087838708793,R_on
1676902918.2347882, 2, 21, 1029.7778317038587,True, 0.1, 1.5, -0.00024855828252688325,0.00013398605362593987,R_off
1676902920.441958, 0, 22, 1.4363484991477393,False, 0.01, -1, 0.025693886431679528,0.0074588080225864795,R_on
1676902922.658617, 1, 22, 732.1571228213049,True, 0.1, 1.5, -0.0006150510964865541,0.00019521743539644324,R_off
1676902924.8734155, 0, 23, 1.042485236341047,False, 0.01, -1, 0.026254833105681337,0.006923365451696289,R_on
1676902927.0911853, 1, 23, 265.9505180967049,True, 0.1, 1.5, -0.0007589220753959727,0.0002706285941196356,R_off
1676902929.3085005, 0, 24, 1.028469645015926,False, 0.01, -1, 0.02653451556890784,0.006677938761770219,R_on
1676902931.5246654, 1, 24, 198.1700405450466,True, 0.1, 1.5, -0.000930518614817718,0.00026570670907072606,R_off
1676902933.8025262, 0, 25, 1.0378808389851522,False, 0.01, -1, 0.02665307732889343,0.006553657442841657,R_on
1676902936.017675, 1, 25, 109.60268980154686,True, 0.1, 1.5, -0.0008395710851613464,0.0003334746419389927,R_off
1676902938.2271087, 0, 26, 1.002555077297421,False, 0.01, -1, 0.026626249945357436,0.0065818758454918285,R_on
1676902940.440648, 1, 26, 152.5382682398176,True, 0.1, 1.5, -0.00068369636761315,0.0003355007280998117,R_off
1676902942.6594765, 0, 27, 0.9919508193486205,False, 0.01, -1, 0.026507637460713954,0.006695099811305874,R_on
1676902944.8782308, 1, 27, 41.79222772711922,False, 0.01, -1, -0.000722929097114309,0.00038097517909357263,Unknown
1676902947.0884495, 2, 27, 85.51016209607475,True, 0.1, 1.5, -0.0002560655663914423,0.00022424918125106468,R_off
1676902949.2933445, 0, 28, 1.0807824784605053,False, 0.01, -1, 0.026333707666054598,0.006857614068281964,R_on
1676902951.5065079, 1, 28, 65.39041556681606,True, 0.1, 1.5, -0.0007409774725580139,0.0003654498370102243,R_off
1676902953.718322, 0, 29, 1.151972381055178,False, 0.01, -1, 0.026306284361453918,0.006894712098075099,R_on
1676902955.9480772, 1, 29, 51.50159639963018,True, 0.1, 1.5, -0.0008125295012058179,0.0003837716452802752,R_off
1676902958.1596036, 0, 30, 1.114738811631564,False, 0.01, -1, 0.026239901799143858,0.006955359459077829,R_on
1676902960.363954, 1, 30, 86.21695376470936,True, 0.1, 1.5, -0.000872956967449561,0.00037065834642936377,R_off
1676902962.5783906, 0, 31, 1.0734694627480914,False, 0.01, -1, 0.026297549081613886,0.00689132848278128,R_on
1676902964.7906122, 1, 31, 41.263479728247354,False, 0.01, -1, -0.0009704572240767389,0.00042863993100999753,Unknown
1676902967.0041008, 2, 31, 65.3489955890966,True, 0.1, 1.5, -0.00033878376807939837,0.0002838173217037178,R_off
1676902969.220793, 0, 32, 1.526507787949008,False, 0.01, -1, 0.025739501133208498,0.007434509817510285,R_on
1676902971.4411983, 1, 32, 89.08168853025974,True, 0.1, 1.5, -0.0007823705254738002,0.0003849091940728694,R_off
1676902973.6591082, 0, 33, 1.3910649784402682,False, 0.01, -1, 0.02578434475628321,0.0073854877369317375,R_on
1676902975.8695743, 1, 33, 95.82503066683599,True, 0.1, 1.5, -0.0007926812421144417,0.00039366106607729734,R_off
1676902978.0724273, 0, 34, 1.99301509834759,False, 0.01, -1, 0.025505040915177715,0.007656427067261903,R_on
1676902980.2758663, 1, 34, 79.60014794717257,True, 0.1, 1.5, -0.0010665723728997606,0.00045839223554612683,R_off
1676902982.478706, 0, 35, 1.4525922539734106,False, 0.01, -1, 0.025668241914707568,0.007498441534783488,R_on
1676902984.6920757, 1, 35, 136.05400451482083,True, 0.1, 1.5, -0.00033385914028563797,0.00021260995980696413,R_off
1676902986.9062655, 0, 36, 1.2113051176941345,False, 0.01, -1, 0.026177764624974134,0.007008391062634642,R_on
1676902989.1232378, 1, 36, 90.51087570171131,True, 0.1, 1.5, -0.0008707748406917414,0.00035097808448882777,R_off
1676902991.3520708, 0, 37, 1.1837878130716433,False, 0.01, -1, 0.02625952608558368,0.006926777098585843,R_on
1676902993.5616796, 1, 37, 51.6087619701247,True, 0.1, 1.5, -0.000917113840713295,0.0004061283187543768,R_off
1676902995.7680154, 0, 38, 1.155363610234911,False, 0.01, -1, 0.025941366017434908,0.0072272814658364505,R_on
1676902997.973183, 1, 38, 159.08598369923132,True, 0.1, 1.5, -0.00045458136498489085,0.0002855280627924457,R_off
1676903000.186229, 0, 39, 1.8972021608619982,False, 0.01, -1, 0.025339758296833662,0.007790011614505048,R_on
1676903002.3965957, 1, 39, 5.226453450740271,False, 0.01, -1, -0.001311854215506697,0.0004912827621560253,Unknown
1676903004.6024468, 2, 39, 116.64977510811617,True, 0.1, 1.5, -0.00034654152322583637,0.00026084921484118516,R_off
1676903006.8063073, 0, 40, 1.6992939291438593,False, 0.01, -1, 0.02525291518222613,0.007881785333496056,R_on
1676903009.0243714, 1, 40, 554.175156703885,True, 0.1, 1.5, -0.0004963458070371164,0.00024392084191720493,R_off
1676903011.2390568, 0, 41, 1.43691875034804,False, 0.01, -1, 0.025330400969259738,0.007787924529347793,R_on
1676903013.4483492, 1, 41, 109.40221323605073,True, 0.1, 1.5, -0.0010646493476899293,0.00043856954161160147,R_off
1676903015.6597354, 0, 42, 2.298290366147893,False, 0.01, -1, 0.025118839164498,0.008004754995421273,R_on
1676903017.8770247, 1, 42, 5.797928366827714,False, 0.01, -1, -0.0012875644762127565,0.000497337520465682,Unknown
1676903020.0864203, 2, 42, 252.95255413435063,True, 0.1, 1.5, -0.0004106055764400318,0.0003021765226981467,R_off
1676903022.2975073, 0, 43, 2.4889620101300953,False, 0.01, -1, 0.02465800589538239,0.00839325610118432,R_on
1676903024.509166, 1, 43, 38.33351091965204,False, 0.01, -1, -0.001038448964674022,0.0005021575060503801,Unknown
1676903026.73056, 2, 43, 390.769293665322,True, 0.1, 1.5, -0.00016945711319038995,0.00015176456861166077,R_off
1676903028.9862661, 0, 44, 2.4286303654066628,False, 0.01, -1, 0.02489099078343306,0.008205279529173692,R_on
1676903031.2047524, 1, 44, 338.1334912916037,True, 0.1, 1.5, -0.0007895740753406967,0.00034816086612945784,R_off
1676903033.420682, 0, 45, 3.3301555053727667,False, 0.01, -1, 0.02449740278871089,0.008521191778644268,R_on
1676903035.6243005, 1, 45, 352.5268427063361,True, 0.1, 1.5, -0.0006590917711051808,0.00036454580031417797,R_off
1676903037.8373115, 0, 46, 1.8518663607561165,False, 0.01, -1, 0.024944487183257723,0.008110800756874892,R_on
1676903040.0566933, 1, 46, 179.79639918672575,True, 0.1, 1.5, -0.00034258259141059093,0.0002600390472153747,R_off
1676903042.28275, 0, 47, 2.593677911531147,False, 0.01, -1, 0.024513853653918463,0.008500875845330321,R_on
1676903044.4891906, 1, 47, 41.70924740988322,False, 0.01, -1, -0.0012407488014515012,0.0004935045117671934,Unknown
1676903046.6971, 2, 47, 273.23841086704687,True, 0.1, 1.5, -0.00018289112461540593,0.00016578289096496864,R_off
1676903048.9229157, 0, 48, 1.7876453355399335,False, 0.01, -1, 0.02523177085744414,0.007852979450716583,R_on
1676903051.137125, 1, 48, 237.39823924749493,True, 0.1, 1.5, -0.0006493019316803347,0.0003446954504208201,R_off
1676903053.3483694, 0, 49, 2.1480753961741406,False, 0.01, -1, 0.024717163128770307,0.008327088054925793,R_on
1676903055.5627112, 1, 49, 22.246949674731173,False, 0.01, -1, -0.0007745928515308401,0.00046600552043911083,Unknown
1676903057.7772887, 2, 49, 75.63477985718905,True, 0.1, 1.5, -0.0002916592193706156,0.00024914670020800557,R_off
1676903059.9907157, 0, 50, 2.012169193221209,False, 0.01, -1, 0.024728035227155953,0.008299933294674652,R_on
1676903062.2071595, 1, 50, 192.9000363346868,True, 0.1, 1.5, -0.0004226249989596935,0.0002728400421446368,R_off
1676903064.4119983, 0, 51, 2.1197706283847437,False, 0.01, -1, 0.024504384421587942,0.008504012414122762,R_on
1676903066.6223986, 1, 51, 55.97487724918423,True, 0.1, 1.5, -0.0008054023165981749,0.0004185801924585536,R_off
1676903068.827779, 0, 52, 1.7741709105328167,False, 0.01, -1, 0.024678366604442635,0.00833329241438949,R_on
1676903071.0373144, 1, 52, 65.74236571527258,True, 0.1, 1.5, -0.0005723822167481531,0.00037210652052797985,R_off
1676903073.2521672, 0, 53, 2.213287732232639,False, 0.01, -1, 0.024813568439973302,0.008241761439269666,R_on
1676903075.4703338, 1, 53, 22.170900644010022,False, 0.01, -1, -0.0009096196790969842,0.0004914916385593501,Unknown
1676903077.69068, 2, 53, 53.686206114546174,True, 0.1, 1.5, -0.000509754790505017,0.00038368805420173265,R_off
1676903079.8944662, 0, 54, 3.0151793187875318,False, 0.01, -1, 0.024535282074550545,0.008477942120250288,R_on
1676903082.1032383, 1, 54, 10.200058439800932,False, 0.01, -1, -0.0011102618105131832,0.0005162048770365791,Unknown
1676903084.3112795, 2, 54, 27.228159594838676,False, 0.01, -1, -0.0007028206634077018,0.00046491008989547184,Unknown
1676903086.521682, 3, 54, 28.182535466543694,False, 0.01, -1, -0.0006030191633922002,0.00042966097943286424,Unknown
1676903088.7285872, 4, 54, 37.60401902825708,False, 0.01, -1, -0.0005616173320134196,0.0004114578580981624,Unknown
1676903090.9416728, 5, 54, 40.72889899367222,False, 0.01, -1, -0.0005570783197672628,0.00041049464874194126,Unknown
1676903093.185949, 6, 54, 47.43529382485866,False, 0.01, -1, -0.000512419033091487,0.00038748944026156866,Unknown
1676903095.3923974, 7, 54, 496.55539317415844,True, 0.1, 1.5, -0.0004391372982556011,0.0003390597901899833,R_off
1676903097.6026342, 0, 55, 4.535037033857846,False, 0.01, -1, 0.024715089234294548,0.008335515749543087,Unknown
1676903099.8185089, 1, 55, 55.06353317716261,True, 0.1, 1.5, -0.0008420397687509776,0.0004801959356155444,R_off
1676903102.0271418, 0, 56, 3.7934258957785,False, 0.01, -1, 0.02484110198702645,0.008236121364422267,R_on
1676903104.235974, 1, 56, 16.710042888051373,False, 0.01, -1, -0.0009393017874979837,0.0005110730911806438,Unknown
1676903106.4503226, 2, 56, 26.83792892232996,False, 0.01, -1, -0.0006374895874993384,0.0004442278379302435,Unknown
1676903108.6624198, 3, 56, 36.072790907931015,False, 0.01, -1, -0.0005329362953165282,0.0003977097075900132,Unknown
1676903110.876169, 4, 56, 42.56711765334448,False, 0.01, -1, -0.0004829299760402039,0.0003719091431507114,Unknown
1676903113.0843947, 5, 56, 55.3084240318085,True, 0.1, 1.5, -0.00047053938246063875,0.0003649593123187699,R_off
1676903115.2909462, 0, 57, 3.330137785894621,False, 0.01, -1, 0.024829038024581997,0.008245845292670941,R_on
1676903117.4955976, 1, 57, 13.15627230876745,False, 0.01, -1, -0.0009996040638328278,0.0005125611854861477,Unknown
1676903119.7058823, 2, 57, 30.730471314301973,False, 0.01, -1, -0.0006081654143027683,0.00042949682637054927,Unknown
1676903121.9171152, 3, 57, 40.83956558195548,False, 0.01, -1, -0.0004856693660179512,0.0003724550730182713,Unknown
1676903124.13095, 4, 57, 57.436125018327864,True, 0.1, 1.5, -0.00043608201816837513,0.0003452074797740188,R_off
1676903126.3425655, 0, 58, 4.101343489330882,False, 0.01, -1, 0.024632758962589485,0.008398767376930044,Unknown
1676903128.5513158, 1, 58, 16.262195190195534,False, 0.01, -1, -0.0009030731253989096,0.0004982827013560568,Unknown
1676903130.7718832, 2, 58, 52.08972666771231,True, 0.1, 1.5, -0.0005518622553712329,0.00040408549420087547,R_off
1676903132.9842017, 0, 59, 5.035162889324593,False, 0.01, -1, 0.02474805249654201,0.00830772958155692,Unknown
1676903135.1907308, 1, 59, 42.909512433879215,False, 0.01, -1, -0.0007914156139442271,0.00047770011002894647,Unknown
1676903137.4101915, 2, 59, 58.990292691610414,True, 0.1, 1.5, -0.0005462632311299831,0.0004047716159498207,R_off
1676903139.6247628, 0, 60, 5.635950766001742,False, 0.01, -1, 0.024993644826338077,0.008091599085304112,Unknown
1676903141.83617, 1, 60, 12.518289822186505,False, 0.01, -1, -0.000893329153269851,0.0005120649685065216,Unknown
1676903144.0442042, 2, 60, 42.63916150680847,False, 0.01, -1, -0.0006303561809400889,0.000438938607150687,Unknown
1676903146.2570584, 3, 60, 52.255643645827995,True, 0.1, 1.5, -0.0005002183323347116,0.0003810794496593239,R_off
1676903148.4693835, 0, 61, 9.97492559097644,False, 0.01, -1, 0.024824889114033702,0.00824214605192298,Unknown
1676903150.6719065, 1, 61, 17.540246430034266,False, 0.01, -1, -0.0007321973789622682,0.0004717366032808518,Unknown
1676903152.8813934, 2, 61, 24.405384544428962,False, 0.01, -1, -0.000581590235808199,0.00042061324914629633,Unknown
1676903155.0928097, 3, 61, 61.38462989669022,True, 0.1, 1.5, -0.000506329588172202,0.0003839590903112774,R_off
1676903157.304217, 0, 62, 6.927186882842162,False, 0.01, -1, 0.024926366012612094,0.008165091328470452,Unknown
1676903159.514266, 1, 62, 28.675184930901715,False, 0.01, -1, -0.0008007676122778448,0.0004886222906520055,Unknown
1676903161.726814, 2, 62, 41.08423417254524,False, 0.01, -1, -0.0005286570396281201,0.000392216716678682,Unknown
1676903163.9385934, 3, 62, 42.99739518750535,False, 0.01, -1, -0.0004474317149462137,0.000352171095500629,Unknown
1676903166.164794, 4, 62, 52.6498636429605,True, 0.1, 1.5, -0.00041820383147252556,0.0003348033088246877,R_off
1676903168.3792474, 0, 63, 7.108548443022517,False, 0.01, -1, 0.024808219259992076,0.008261164973408779,Unknown
1676903170.583012, 1, 63, 25.419373969864445,False, 0.01, -1, -0.0007504111101543381,0.0004718240484739752,Unknown
1676903172.7993236, 2, 63, 46.191467452907666,False, 0.01, -1, -0.0004953688801209674,0.00037829218571250973,Unknown
1676903175.0094483, 3, 63, 56.10850154986568,True, 0.1, 1.5, -0.0004138640478809292,0.00033254126675707633,R_off
1676903177.2226286, 0, 64, 6.691791283154725,False, 0.01, -1, 0.024335517895651172,0.008652238664753878,Unknown
1676903179.436446, 1, 64, 11.911227997653402,False, 0.01, -1, -0.0008631998770837631,0.0005066804769182794,Unknown
1676903181.6550615, 2, 64, 34.61383538795779,False, 0.01, -1, -0.0005887085529219448,0.0004208758827307516,Unknown
1676903183.865714, 3, 64, 46.5206013000328,False, 0.01, -1, -0.00045454266611351564,0.00035644610651217794,Unknown
1676903186.0774894, 4, 64, 53.86560817453274,True, 0.1, 1.5, -0.00042847422662024506,0.0003408135990722615,R_off
1676903188.288161, 0, 65, 7.254474652969404,False, 0.01, -1, 0.024260286426396372,0.008711125551151343,Unknown
1676903190.4945152, 1, 65, 19.68801163338399,False, 0.01, -1, -0.0008059895436811238,0.0004938965490889659,Unknown
1676903192.7073157, 2, 65, 42.10107990191208,False, 0.01, -1, -0.000528085204159675,0.00039382356906595697,Unknown
1676903194.9300723, 3, 65, 52.925985557664916,True, 0.1, 1.5, -0.0004504356354182135,0.0003537169415658501,R_off
1676903197.1447577, 0, 66, 6.171678099263773,False, 0.01, -1, 0.02448885698959679,0.00852607147833984,Unknown
1676903199.3606918, 1, 66, 25.31209527566496,False, 0.01, -1, -0.0007431952960526931,0.0004744774435399617,Unknown
1676903201.5724032, 2, 66, 32.87170200854819,False, 0.01, -1, -0.0005033878110000936,0.0003827000583086712,Unknown
1676903203.7853765, 3, 66, 46.13563920442566,False, 0.01, -1, -0.0004586319074570247,0.0003584516877188778,Unknown
1676903205.9916508, 4, 66, 50.656732251674505,True, 0.1, 1.5, -0.00042096743736666,0.000336826360137777,R_off
1676903208.2004085, 0, 67, 9.137087274098638,False, 0.01, -1, 0.024444729468625512,0.00855304434908238,Unknown
1676903210.4189904, 1, 67, 19.88734134665225,False, 0.01, -1, -0.0007640623563053304,0.0004854263920148976,Unknown
1676903212.6445177, 2, 67, 31.505125389066706,False, 0.01, -1, -0.0005985527224189522,0.0004281881771557288,Unknown
1676903214.8553321, 3, 67, 39.009543725859615,False, 0.01, -1, -0.00048664666070860976,0.0003736716930243811,Unknown
1676903217.0660925, 4, 67, 44.44863450748257,False, 0.01, -1, -0.00043641255758452543,0.0003456343716631061,Unknown
1676903219.2832627, 5, 67, 56.533923154300375,True, 0.1, 1.5, -0.00039456337936240955,0.0003206333020830726,R_off
1676903221.4907575, 0, 68, 15.61448848065532,False, 0.01, -1, 0.024514273385859348,0.008504603750163535,Unknown
1676903223.7142444, 1, 68, 28.70104853955702,False, 0.01, -1, -0.0006048343257809674,0.00042850130962133223,Unknown
1676903225.91858, 2, 68, 36.15054490891286,False, 0.01, -1, -0.0004899438549947008,0.00037554851227253897,Unknown
1676903228.1300616, 3, 68, 38.2421187212377,False, 0.01, -1, -0.00045961286512641504,0.0003594288060721101,Unknown
1676903230.342954, 4, 68, 39.78450889060427,False, 0.01, -1, -0.0004435309695456126,0.00035008352389287966,Unknown
1676903232.5628076, 5, 68, 47.590736710499215,False, 0.01, -1, -0.00041643440445273165,0.00033436535626017716,Unknown
1676903234.7847552, 6, 68, 44.97833635295969,False, 0.01, -1, -0.00040857164242089316,0.0003295610701048195,Unknown
1676903237.0382092, 7, 68, 61.258695859864446,True, 0.1, 1.5, -0.0003865291909790115,0.0003157124040279306,R_off
1676903239.2431242, 0, 69, 8.574513567603427,False, 0.01, -1, 0.02452824393835179,0.008493577385989647,Unknown
1676903241.4560907, 1, 69, 26.713125082097704,False, 0.01, -1, -0.0006552349029982471,0.00044958175693470253,Unknown
1676903243.6823187, 2, 69, 33.81966444625779,False, 0.01, -1, -0.0005592547012176028,0.00041081687675557,Unknown
1676903245.9006631, 3, 69, 35.490626007128796,False, 0.01, -1, -0.000485629325215176,0.0003737125682232806,Unknown
1676903248.1142182, 4, 69, 43.84208815369422,False, 0.01, -1, -0.0004788296091733246,0.000369372839103505,Unknown
1676903250.3319354, 5, 69, 37.1701246056913,False, 0.01, -1, -0.0004528163484630237,0.00035545269080104004,Unknown
1676903252.5437005, 6, 69, 47.50702625284232,False, 0.01, -1, -0.0004693842281130403,0.0003646446571549309,Unknown
1676903254.7573833, 7, 69, 47.444314528902886,False, 0.01, -1, -0.0004449434118478727,0.0003508314131572937,Unknown
1676903256.96526, 8, 69, 56.649066491218335,True, 0.1, 1.5, -0.0004503861166838786,0.00035403560094255656,R_off
1676903259.177239, 0, 70, 12.835460946471173,False, 0.01, -1, 0.024450954931646084,0.008560527324856387,Unknown
1676903261.3924754, 1, 70, 33.18979469958239,False, 0.01, -1, -0.0005456057367094358,0.0004024061577114352,Unknown
1676903263.5995915, 2, 70, 41.13545608397635,False, 0.01, -1, -0.0004718706781105606,0.00036552679726782833,Unknown
1676903265.824791, 3, 70, 43.576231368473756,False, 0.01, -1, -0.0004392514025168213,0.00034734351786279427,Unknown
1676903268.0406806, 4, 70, 44.24468130827718,False, 0.01, -1, -0.00041693300995141445,0.00033408208825066294,Unknown
1676903270.2461486, 5, 70, 49.74485276934865,False, 0.01, -1, -0.0004120345769015926,0.00033093305511541825,Unknown
1676903272.4531908, 6, 70, 55.92442821639812,True, 0.1, 1.5, -0.0004228192903231106,0.00033758916803259945,R_off
1676903274.6558714, 0, 71, 16.651886333252236,False, 0.01, -1, 0.02465515624166128,0.00837837924886104,Unknown
1676903276.8825712, 1, 71, 32.92346873049667,False, 0.01, -1, -0.0005295668759450464,0.0003953299322363376,Unknown
1676903279.090824, 2, 71, 43.4656782607949,False, 0.01, -1, -0.00046097612261300963,0.0003601701065834809,Unknown
1676903281.3079386, 3, 71, 49.15087719875902,False, 0.01, -1, -0.00042152447741455613,0.00033678826625547614,Unknown
1676903283.5223415, 4, 71, 46.80620110852858,False, 0.01, -1, -0.0004167203411270695,0.0003342505242574326,Unknown
1676903285.7327688, 5, 71, 66.300345069556,True, 0.1, 1.5, -0.0004099271526277159,0.00033000321535090393,R_off
1676903287.9382243, 0, 72, 22.818518035807493,False, 0.01, -1, 0.024545897379456044,0.008482490266245733,Unknown
1676903290.1502588, 1, 72, 42.714693233961555,False, 0.01, -1, -0.0004814713652979205,0.0003706967361414596,Unknown
1676903292.3569026, 2, 72, 50.183421100833186,True, 0.1, 1.5, -0.0004209219363159624,0.000336595483631121,R_off
1676903294.5734057, 0, 73, 15.64386782050724,False, 0.01, -1, 0.024343631737232002,0.008638648949191119,Unknown
1676903296.7811124, 1, 73, 31.3453343504179,False, 0.01, -1, -0.0005545717036677297,0.0004069119574466108,Unknown
1676903298.9885862, 2, 73, 37.17917052692022,False, 0.01, -1, -0.00046789097190043426,0.000363812640466294,Unknown
1676903301.1977227, 3, 73, 40.50667956835842,False, 0.01, -1, -0.00044899876295173693,0.00035314285391442834,Unknown
1676903303.4072535, 4, 73, 54.155732532304576,True, 0.1, 1.5, -0.00044493185673198605,0.00035094088441007577,R_off
1676903305.6186697, 0, 74, 9.182877332999041,False, 0.01, -1, 0.024549353336319316,0.008478424161340602,Unknown
1676903307.8270085, 1, 74, 32.01641125784934,False, 0.01, -1, -0.0005568057860982684,0.00040767452717683996,Unknown
1676903310.0331812, 2, 74, 39.257972913680845,False, 0.01, -1, -0.0005022089156216603,0.000382236201892475,Unknown
1676903312.2508762, 3, 74, 43.90692002569333,False, 0.01, -1, -0.0004294626014202228,0.00034173805293762896,Unknown
1676903314.4615076, 4, 74, 48.31311044653714,False, 0.01, -1, -0.0004167889193827781,0.00033410694287987945,Unknown
1676903316.67437, 5, 74, 46.30893760082315,False, 0.01, -1, -0.00041115211784221995,0.00033081419858553736,Unknown
1676903318.9311628, 6, 74, 53.72669625890915,True, 0.1, 1.5, -0.0003910865251891856,0.0003182614738406773,R_off
1676903321.1386027, 0, 75, 17.446272914909642,False, 0.01, -1, 0.02480801981912119,0.008253714984753755,Unknown
1676903323.3457625, 1, 75, 32.41500517105114,False, 0.01, -1, -0.0006050304079405688,0.0004300722989616336,Unknown
1676903325.5587327, 2, 75, 35.16462968670266,False, 0.01, -1, -0.00046672008613627964,0.00036305036535410007,Unknown
1676903327.7632325, 3, 75, 45.809872393082586,False, 0.01, -1, -0.0004367978232446486,0.0003459920038734605,Unknown
1676903329.9783611, 4, 75, 46.56799191672617,False, 0.01, -1, -0.0004170167138746976,0.0003343398812080097,Unknown
1676903332.1930263, 5, 75, 50.19516162184959,True, 0.1, 1.5, -0.0004096823254977571,0.000329710366569805,R_off
1676903334.4035213, 0, 76, 18.477089526158824,False, 0.01, -1, 0.02484078787409769,0.008240192741546169,Unknown
1676903336.6169152, 1, 76, 27.41111550063118,False, 0.01, -1, -0.0005449635706203357,0.0004039200369396775,Unknown
1676903338.8271115, 2, 76, 41.83215523535193,False, 0.01, -1, -0.00046264171616944923,0.0003607523054511229,Unknown
1676903341.0373335, 3, 76, 40.61825203011411,False, 0.01, -1, -0.00041681547768373443,0.00033420368731098605,Unknown
1676903343.249308, 4, 76, 44.1601025695053,False, 0.01, -1, -0.0003914849832192461,0.00031884157182660505,Unknown
1676903345.4581835, 5, 76, 45.9137319312378,False, 0.01, -1, -0.00038129795874043487,0.00031230471171401347,Unknown
1676903347.6675975, 6, 76, 50.6333900279859,True, 0.1, 1.5, -0.00039806925111380626,0.00032271954309805623,R_off
1676903349.8964567, 0, 77, 21.33919802445354,False, 0.01, -1, 0.0245728603115659,0.00844851442093287,Unknown
1676903352.1066349, 1, 77, 25.95306255573686,False, 0.01, -1, -0.0005508785949066454,0.00040641936940832,Unknown
1676903354.3180273, 2, 77, 34.679727117546555,False, 0.01, -1, -0.0005255282720385968,0.0003940388607361573,Unknown
1676903356.5282419, 3, 77, 44.48643529826978,False, 0.01, -1, -0.00047239156255635036,0.00036639458590479905,Unknown
1676903358.7340512, 4, 77, 46.33420409850662,False, 0.01, -1, -0.0004320494151528259,0.0003433277632715211,Unknown
1676903360.944118, 5, 77, 45.9574103175727,False, 0.01, -1, -0.00042318002836856856,0.00033767055355212063,Unknown
1676903363.1544423, 6, 77, 50.12035297793704,True, 0.1, 1.5, -0.00044042975813027833,0.00034822371992137804,R_off
1676903365.3632317, 0, 78, 13.519726848477156,False, 0.01, -1, 0.024414495889863184,0.008583060436745895,Unknown
1676903367.570209, 1, 78, 32.537404342603715,False, 0.01, -1, -0.0004793829452570673,0.0003695531485859174,Unknown
1676903369.7806785, 2, 78, 43.80874132018825,False, 0.01, -1, -0.00040839775690540756,0.0003290506696885585,Unknown
1676903371.9902477, 3, 78, 51.96816993827249,True, 0.1, 1.5, -0.0003894818709865173,0.00031709381871341397,R_off
1676903374.1973693, 0, 79, 3.942817028870069,False, 0.01, -1, 0.023542143593713427,0.009247513149255631,R_on
1676903376.407115, 1, 79, 28.614876648132714,False, 0.01, -1, -0.0006352983131496806,0.0004174185271956376,Unknown
1676903378.6136804, 2, 79, 37.88492378373914,False, 0.01, -1, -0.0004703862844431138,0.00036501294233109505,Unknown
1676903380.8307204, 3, 79, 42.25036490844469,False, 0.01, -1, -0.000451165810663606,0.0003543359271132846,Unknown
1676903383.0407662, 4, 79, 47.433184827307244,False, 0.01, -1, -0.00040012147447186466,0.0003242381214486553,Unknown
1676903385.2488394, 5, 79, 46.77834689824467,False, 0.01, -1, -0.0003866511406141466,0.0003158487193335817,Unknown
1676903387.4662213, 6, 79, 43.71971209894162,False, 0.01, -1, -0.00037909193122501726,0.0003110086115326838,Unknown
1676903389.6812482, 7, 79, 45.25523550626196,False, 0.01, -1, -0.0003819248618744436,0.0003124663110951127,Unknown
1676903391.8880787, 8, 79, 48.78599284034344,False, 0.01, -1, -0.00038375628656945975,0.00031372961772335386,Unknown
1676903394.0943038, 9, 79, 55.10803464591901,True, 0.1, 1.5, -0.00037333866097276716,0.00030716135277186036,R_off
1676903396.3135514, 0, 80, 5.347388388044019,False, 0.01, -1, 0.024814932798298765,0.008257831256081854,Unknown
1676903398.525899, 1, 80, 49.42782634202842,False, 0.01, -1, -0.0005021631895631099,0.0003733742101992674,Unknown
1676903400.7382126, 2, 80, 46.333425268707515,False, 0.01, -1, -0.00040216731720978577,0.00032555208972419265,Unknown
1676903402.9700859, 3, 80, 52.79468351480569,True, 0.1, 1.5, -0.0003917900328649117,0.00031867821209550346,R_off
1676903405.1870642, 0, 81, 4.785350039489564,False, 0.01, -1, 0.024023307466253474,0.008898552895737741,Unknown
1676903407.406556, 1, 81, 34.107382406990595,False, 0.01, -1, -0.000549334474990057,0.00039316063981664236,Unknown
1676903409.636798, 2, 81, 36.4973757418949,False, 0.01, -1, -0.0004481665335607824,0.0003528141050646477,Unknown
1676903411.8404653, 3, 81, 33.07610473807022,False, 0.01, -1, -0.00044969440434114595,0.0003535512233174985,Unknown
1676903414.075041, 4, 81, 40.041391160841506,False, 0.01, -1, -0.0004290972725517932,0.00034173117745942314,Unknown
1676903416.3101707, 5, 81, 45.849945030875936,False, 0.01, -1, -0.0004140067739141284,0.0003326125959981444,Unknown
1676903418.5618074, 6, 81, 47.42312556560285,False, 0.01, -1, -0.0004078233773334669,0.0003287595898786033,Unknown
1676903420.7797532, 7, 81, 47.12067668758077,False, 0.01, -1, -0.000387207580175921,0.00031612723496923355,Unknown
1676903423.008388, 8, 81, 41.96061631696886,False, 0.01, -1, -0.00039023757911201364,0.00031748493314832883,Unknown
1676903425.2201967, 9, 81, 43.34838971496211,False, 0.01, -1, -0.0003870017839744342,0.00031607644753539724,Unknown
1676903427.4748673, 10, 81, 47.21064838448463,False, 0.01, -1, -0.00039058969156822846,0.00031826357617157025,Unknown
1676903429.698315, 0, 82, 5.449407691271676,False, 0.01, -1, 0.02382872714283713,0.009042158687689613,Unknown
1676903431.9032044, 1, 82, 46.013409859019596,False, 0.01, -1, -0.0004261448903593265,0.0003380932059053057,Unknown
1676903434.1245346, 2, 82, 52.40477925932179,True, 0.1, 1.5, -0.00035979859676680843,0.0002978728962343511,R_off
1676903436.3290377, 0, 83, 7.533658674906359,False, 0.01, -1, 0.024440277955833856,0.008572570378367157,Unknown
1676903438.5461779, 1, 83, 46.19331704297601,False, 0.01, -1, -0.00042466136059906743,0.00033828633660088945,Unknown
1676903440.7603014, 2, 83, 50.353123430113136,True, 0.1, 1.5, -0.00036922549118757487,0.0003044471640762168,R_off
1676903443.0141945, 0, 84, 7.886236322583731,False, 0.01, -1, 0.024593437331398387,0.00844521596393421,Unknown
1676903445.2362633, 1, 84, 44.85647282024783,False, 0.01, -1, -0.0004283210166382104,0.0003412693516469555,Unknown
1676903447.4391735, 2, 84, 48.13020454828435,False, 0.01, -1, -0.00037883429918643684,0.00031039629289539387,Unknown
1676903449.6575787, 3, 84, 56.74788009930839,True, 0.1, 1.5, -0.00036685251770848137,0.00030290872027662996,R_off
1676903451.8873484, 0, 85, 5.558936877763142,False, 0.01, -1, 0.0235363010803342,0.009252047690727428,Unknown
1676903454.1074507, 1, 85, 34.58685469525058,False, 0.01, -1, -0.0004979079353166776,0.0003785194069562217,Unknown
1676903456.3111384, 2, 85, 32.78351119691971,False, 0.01, -1, -0.0004405371839769192,0.00034872926269128316,Unknown
1676903458.5248127, 3, 85, 34.109505628008236,False, 0.01, -1, -0.00041583666046112963,0.0003332417157834139,Unknown
1676903460.7342055, 4, 85, 46.20674533826177,False, 0.01, -1, -0.0004017929749627385,0.00032466496344133946,Unknown
1676903462.9471385, 5, 85, 47.82953838472379,False, 0.01, -1, -0.00039473210871718696,0.00032099125468878717,Unknown
1676903465.153283, 6, 85, 47.68631738190152,False, 0.01, -1, -0.00039673093046012256,0.0003220382446078279,Unknown
1676903467.3663714, 7, 85, 51.52041355885935,True, 0.1, 1.5, -0.00037694732711773213,0.0003095160554041077,R_off
1676903469.5710971, 0, 86, 3.0717767754777,False, 0.01, -1, 0.023493992306565105,0.009270783312636201,R_on
1676903471.7989404, 1, 86, 28.78554684619546,False, 0.01, -1, -0.0007344264195345143,0.00044414150184033703,Unknown
1676903474.0272877, 2, 86, 41.65796918401872,False, 0.01, -1, -0.0004788723329506047,0.0003678070593615913,Unknown
1676903476.2529833, 3, 86, 50.78709384197921,True, 0.1, 1.5, -0.0003946359581897365,0.0003209269727695255,R_off
1676903478.4547405, 0, 87, 2.589430990472421,False, 0.01, -1, 0.023901951848827468,0.008954593218089313,R_on
1676903480.6663158, 1, 87, 24.933642951952397,False, 0.01, -1, -0.0009253968680835512,0.00045063578036501204,Unknown
1676903482.8742013, 2, 87, 31.162307931151584,False, 0.01, -1, -0.0005353646197467152,0.0003990739280217561,Unknown
1676903485.0819001, 3, 87, 40.55242470235394,False, 0.01, -1, -0.0004516065835745495,0.00035368887364432865,Unknown
1676903487.2947478, 4, 87, 42.78237237265799,False, 0.01, -1, -0.000414369311242259,0.00033296511828210634,Unknown
1676903489.5050051, 5, 87, 39.91495345079038,False, 0.01, -1, -0.00039364610281392794,0.00031996671003298177,Unknown
1676903491.7375522, 6, 87, 42.82038123626405,False, 0.01, -1, -0.0003853953526039187,0.0003142002097008808,Unknown
1676903493.9432225, 7, 87, 48.357506098555625,False, 0.01, -1, -0.0003861144520810795,0.00031492687460340395,Unknown
1676903496.1548586, 8, 87, 53.37294862071598,True, 0.1, 1.5, -0.0003609188786536462,0.00029897009576656657,R_off
1676903498.360349, 0, 88, 2.511740978371923,False, 0.01, -1, 0.02437881682825762,0.008581575774108303,R_on
1676903500.574326, 1, 88, 25.040888437569944,False, 0.01, -1, -0.000992134884036065,0.00044271619803230535,Unknown
1676903502.815481, 2, 88, 43.71083148238421,False, 0.01, -1, -0.00045317803941052583,0.00035427064157821396,Unknown
1676903505.0352967, 3, 88, 50.75027727449132,True, 0.1, 1.5, -0.00038790559386889646,0.000316472573357821,R_off
1676903507.2479763, 0, 89, 1.7993235496153013,False, 0.01, -1, 0.02416637832278269,0.008747033751925608,R_on
1676903509.4610016, 1, 89, 3.809027336051474,False, 0.01, -1, -0.0014755374828521652,0.0004404362825740594,R_on
1676903511.6725311, 2, 89, 2.5203467722537427,False, 0.01, -1, -0.0014714027290439382,0.00044290635585394995,R_on
1676903513.8804383, 3, 89, 20.019611090243014,False, 0.01, -1, -0.0012930291182858997,0.0004527838194539474,Unknown
1676903516.0871127, 4, 89, 35.70211700422376,False, 0.01, -1, -0.0004546954137311753,0.00035629784758464754,Unknown
1676903518.3034208, 5, 89, 42.52153729620854,False, 0.01, -1, -0.0003866963821033805,0.0003155554808179575,Unknown
1676903520.5194376, 6, 89, 48.12478198420205,False, 0.01, -1, -0.0003577120673439628,0.00029692072832026477,Unknown
1676903522.7485948, 7, 89, 53.497632127453954,True, 0.1, 1.5, -0.0003467495850137893,0.00028898005165712935,R_off
1676903524.9527895, 0, 90, 2.272859308065176,False, 0.01, -1, 0.022871933810517574,0.009572561500235485,R_on
1676903527.1774437, 1, 90, 3.2094502357297587,False, 0.01, -1, -0.001460585204150591,0.0004459250238788228,R_on
1676903529.389261, 2, 90, 4.576501765968994,False, 0.01, -1, -0.0014203959417294864,0.00046167325715455157,Unknown
1676903531.5992284, 3, 90, 36.313439798906614,False, 0.01, -1, -0.0008532616499111974,0.00044866720273859206,Unknown
1676903533.8202548, 4, 90, 42.713413198286965,False, 0.01, -1, -0.0003970987387045377,0.0003216773849557804,Unknown
1676903536.031833, 5, 90, 43.42971530356621,False, 0.01, -1, -0.00037250146667868145,0.0003062008143959853,Unknown
1676903538.237563, 6, 90, 52.033773137128264,True, 0.1, 1.5, -0.0003636485169770545,0.0003008372719061582,R_off
1676903540.4516697, 0, 91, 2.4308681720859653,False, 0.01, -1, 0.023277260768970257,0.009244519630815937,R_on
1676903542.6722353, 1, 91, 5.129095526507643,False, 0.01, -1, -0.0014175343810404464,0.0004619479968541334,Unknown
1676903544.8990688, 2, 91, 42.22875132250979,False, 0.01, -1, -0.0007192937225120968,0.00039310758040050095,Unknown
1676903547.1321464, 3, 91, 57.429347155513966,True, 0.1, 1.5, -0.0003484532405866467,0.0002905308444715385,R_off
1676903549.3585522, 0, 92, 2.055941557798355,False, 0.01, -1, 0.02398332491858055,0.008818309815063414,R_on
1676903551.5753744, 1, 92, 22.779786498127155,False, 0.01, -1, -0.0013536292077981611,0.0004516196342820976,Unknown
1676903553.793514, 2, 92, 43.54945175097535,False, 0.01, -1, -0.000384742867998471,0.0003140663932265526,Unknown
1676903556.020388, 3, 92, 57.44065414286515,True, 0.1, 1.5, -0.00031812250223619746,0.00027002757122485815,R_off
1676903558.2327766, 0, 93, 1.8814261252034643,False, 0.01, -1, 0.023979662493623162,0.008792371026114175,R_on
1676903560.4323227, 1, 93, 3.074987710712317,False, 0.01, -1, -0.001468152275224898,0.0004420015238502936,R_on
1676903562.6500807, 2, 93, 2.475481724049322,False, 0.01, -1, -0.0014680756028582031,0.0004440672680742369,R_on
1676903564.924417, 3, 93, 2.850529668943614,False, 0.01, -1, -0.0014425207382469131,0.00045400744486914947,R_on
1676903567.1463454, 4, 93, 2.737979898342804,False, 0.01, -1, -0.0014257335969824368,0.00046071214638334214,R_on
1676903569.3574326, 5, 93, 3.254441320795704,False, 0.01, -1, -0.0014081931261604812,0.0004660617825590005,R_on
1676903571.5797555, 6, 93, 75.2452051475197,True, 0.1, 1.5, -0.001016352345111357,0.000415106226199648,R_off
1676903573.79879, 0, 94, 1.807140925705631,False, 0.01, -1, 0.0233020020117729,0.009271028428066774,R_on
1676903576.021184, 1, 94, 30.670090685105933,False, 0.01, -1, -0.0012495087985236349,0.00042027382502930906,Unknown
1676903578.2387044, 2, 94, 46.32202722541635,False, 0.01, -1, -0.00039644128209985203,0.000320649926305355,Unknown
1676903580.479261, 3, 94, 54.79490387378071,True, 0.1, 1.5, -0.0004025574722958036,0.0003255264720176041,R_off
1676903582.703494, 0, 95, 1.9667808178572215,False, 0.01, -1, 0.02397000722625421,0.008891647087975449,R_on
1676903584.9155397, 1, 95, 2.829162238820553,False, 0.01, -1, -0.0014713187029121067,0.0004420989149307871,R_on
1676903587.139023, 2, 95, 42.17314604668995,False, 0.01, -1, -0.001071457521178349,0.00046214419311700627,Unknown
1676903589.3509445, 3, 95, 65.51863241533911,True, 0.1, 1.5, -0.00034292394120162144,0.0002869089814829734,R_off
1676903591.5666394, 0, 96, 5.204641073342267,False, 0.01, -1, 0.023511546996133094,0.009159167809200744,Unknown
1676903593.7750354, 1, 96, 49.52970846625565,False, 0.01, -1, -0.0005434487284819302,0.00039354581366182794,Unknown
1676903595.9948943, 2, 96, 53.45909646845076,True, 0.1, 1.5, -0.00039499389578356614,0.000320842153852417,R_off
1676903598.2109118, 0, 97, 2.6032908457715624,False, 0.01, -1, 0.023529104930879813,0.009228995436196829,R_on
1676903600.4463866, 1, 97, 4.359441094477257,False, 0.01, -1, -0.00129441531409105,0.0004954510594114446,Unknown
1676903602.654744, 2, 97, 45.02740979241123,False, 0.01, -1, -0.0006548504351042446,0.00041937366767573096,Unknown
1676903604.8771155, 3, 97, 52.828821901844776,True, 0.1, 1.5, -0.00038063194314482405,0.00031173412490812365,R_off
1676903607.1442182, 0, 98, 2.7936477285521435,False, 0.01, -1, 0.02359167900914059,0.009152637079141032,R_on
1676903609.3568468, 1, 98, 30.247836281633635,False, 0.01, -1, -0.000691322215394649,0.0004351308747604233,Unknown
1676903611.5848858, 2, 98, 42.16688840089928,False, 0.01, -1, -0.000451632971499432,0.00035390606676724914,Unknown
1676903613.8002887, 3, 98, 41.96734873621104,False, 0.01, -1, -0.00042516445428465656,0.00033931135892036914,Unknown
1676903616.01813, 4, 98, 45.3656364658296,False, 0.01, -1, -0.00038145159603115194,0.0003123108489353213,Unknown
1676903618.237365, 5, 98, 53.84122082922405,True, 0.1, 1.5, -0.00039893096552993376,0.00032335639319495876,R_off
1676903620.4513838, 0, 99, 2.9386485002912366,False, 0.01, -1, 0.023647172126398504,0.00912708039213119,R_on
1676903622.6718504, 1, 99, 35.47777963049944,False, 0.01, -1, -0.0007440581378640196,0.00042893431807452663,Unknown
1676903624.889539, 2, 99, 48.979269023288964,False, 0.01, -1, -0.000399078323623855,0.0003230462393182066,Unknown
1676903627.1223912, 3, 99, 56.658750568403065,True, 0.1, 1.5, -0.0003684670127637525,0.00030408956911267903,R_off
1676903629.3293247, 0, 100, 2.517745438008899,False, 0.01, -1, 0.024056503691870422,0.008827619328630925,R_on
1676903631.5671918, 1, 100, 32.562416366655455,False, 0.01, -1, -0.0009761011135307706,0.00043778095591877385,Unknown
1676903633.795286, 2, 100, 46.7434413189851,False, 0.01, -1, -0.00040843745477776747,0.00032911883638237497,Unknown
1676903636.0099187, 3, 100, 53.19810140850577,True, 0.1, 1.5, -0.00039877756594590847,0.00032307808804603983,R_off
