0.000000000000000000e+00,2.615929811727255583e-01,2.608610229860795077e-02
1.000000000000000048e-04,2.583379133138805628e-01,2.618889391520305698e-02
2.000000000000000096e-04,2.270892618689686060e-01,2.680564361477368734e-02
3.000000000000000279e-04,1.850988864898681641e-01,2.760056544977583515e-02
4.000000000000000192e-04,1.798907779157161713e-01,2.771706261525028539e-02
5.000000000000000104e-04,1.847733797039836645e-01,2.770335706637093789e-02
6.000000000000000559e-04,1.818438186310231686e-01,2.777188481076767537e-02
6.999999999999999929e-04,1.864009136334061623e-01,2.763482932197420389e-02
8.000000000000000383e-04,1.929110493510961533e-01,2.766909319417256916e-02
9.000000000000000838e-04,1.841223661322146654e-01,2.773076816412963289e-02
1.000000000000000021e-03,1.847733797039836645e-01,2.777188481076767537e-02
1.100000000000000066e-03,1.854243932757526636e-01,2.757315435201714016e-02
1.200000000000000112e-03,1.837968593463301659e-01,2.766224041973289541e-02
1.300000000000000157e-03,1.883539543487131596e-01,2.768965151749159040e-02
1.399999999999999986e-03,1.837968593463301659e-01,2.760056544977583515e-02
1.500000000000000031e-03,1.792397643439471722e-01,2.768279874305191665e-02
1.600000000000000077e-03,1.841223661322146654e-01,2.789523475068180283e-02
1.700000000000000122e-03,1.756591896992176771e-01,2.794320417175951907e-02
1.800000000000000168e-03,1.782632439862936735e-01,2.799802636727690558e-02
1.899999999999999996e-03,1.743571625556796789e-01,2.795005694619919281e-02
2.000000000000000042e-03,1.818438186310231686e-01,2.793635139731984532e-02
2.100000000000000304e-03,1.701255743391811848e-01,2.806655411167364306e-02
2.200000000000000133e-03,1.694745607674121857e-01,2.806655411167364306e-02
2.299999999999999961e-03,1.707765879109501839e-01,2.803914301391494807e-02
2.400000000000000223e-03,1.714276014827191830e-01,2.798432081839755808e-02
2.500000000000000052e-03,1.704510811250656843e-01,2.794320417175951907e-02
2.600000000000000314e-03,1.675215200521051884e-01,2.798432081839755808e-02
2.700000000000000143e-03,1.675215200521051884e-01,2.801858469059592682e-02
2.799999999999999972e-03,1.671960132662206888e-01,2.794320417175951907e-02
2.900000000000000234e-03,1.675215200521051884e-01,2.801858469059592682e-02
3.000000000000000062e-03,1.623134114779531956e-01,2.812137630719103304e-02
3.100000000000000325e-03,1.694745607674121857e-01,2.804599578835462181e-02
3.200000000000000153e-03,1.678470268379896879e-01,2.792949862288017157e-02
3.299999999999999982e-03,1.665449996944516897e-01,2.795005694619919281e-02
3.400000000000000244e-03,1.671960132662206888e-01,2.799802636727690558e-02
3.500000000000000073e-03,1.665449996944516897e-01,2.802543746503560057e-02
3.600000000000000335e-03,1.694745607674121857e-01,2.797061526951821059e-02
3.700000000000000164e-03,1.727296286262571812e-01,2.792264584844049782e-02
3.799999999999999992e-03,1.698000675532966852e-01,2.799802636727690558e-02
3.900000000000000255e-03,1.798907779157161713e-01,2.783355978072473910e-02
4.000000000000000083e-03,1.681725336238741875e-01,2.802543746503560057e-02
4.100000000000000346e-03,1.746826693415641785e-01,2.800487914171657933e-02
4.200000000000000608e-03,1.629644250497221947e-01,2.805970133723396931e-02
4.300000000000000003e-03,1.645919589791446924e-01,2.799802636727690558e-02
4.400000000000000265e-03,1.658939861226826906e-01,2.802543746503560057e-02
4.500000000000000527e-03,1.662194929085671902e-01,2.802543746503560057e-02
4.599999999999999922e-03,1.645919589791446924e-01,2.808025966055299055e-02
4.700000000000000185e-03,1.665449996944516897e-01,2.810767075831168554e-02
4.800000000000000447e-03,1.629644250497221947e-01,2.816934572826874927e-02
4.899999999999999842e-03,1.698000675532966852e-01,2.803914301391494807e-02
5.000000000000000104e-03,1.720786150544881821e-01,2.800487914171657933e-02
5.100000000000000366e-03,1.662194929085671902e-01,2.791579307400082408e-02
5.200000000000000629e-03,1.769612168427556753e-01,2.795005694619919281e-02
5.300000000000000024e-03,1.756591896992176771e-01,2.794320417175951907e-02
5.400000000000000286e-03,1.733806421980261803e-01,2.791579307400082408e-02
5.500000000000000548e-03,1.759846964851021767e-01,2.792264584844049782e-02
5.599999999999999943e-03,1.782632439862936735e-01,2.786097087848343409e-02
5.700000000000000205e-03,1.785887507721781731e-01,2.798432081839755808e-02
5.800000000000000468e-03,1.750081761274486780e-01,2.797061526951821059e-02
5.899999999999999863e-03,1.743571625556796789e-01,2.794320417175951907e-02
6.000000000000000125e-03,1.740316557697951794e-01,2.781300145740571786e-02
6.100000000000000387e-03,1.740316557697951794e-01,2.790208752512147658e-02
6.200000000000000649e-03,1.733806421980261803e-01,2.799117359283723183e-02
6.300000000000000044e-03,1.802162847016006708e-01,2.792264584844049782e-02
6.400000000000000307e-03,1.776122304145246744e-01,2.788838197624212908e-02
6.500000000000000569e-03,1.766357100568711758e-01,2.788152920180245534e-02
6.599999999999999964e-03,1.750081761274486780e-01,2.786782365292310784e-02
6.700000000000000226e-03,1.681725336238741875e-01,2.810081798387201180e-02
6.800000000000000488e-03,1.707765879109501839e-01,2.799117359283723183e-02
6.900000000000000751e-03,1.658939861226826906e-01,2.813508185607038053e-02
7.000000000000000146e-03,1.649174657650291920e-01,2.801173191615625307e-02
7.100000000000000408e-03,1.691490539815276861e-01,2.810081798387201180e-02
7.200000000000000670e-03,1.678470268379896879e-01,2.793635139731984532e-02
7.300000000000000065e-03,1.724041218403726816e-01,2.805970133723396931e-02
7.400000000000000328e-03,1.662194929085671902e-01,2.799802636727690558e-02
7.500000000000000590e-03,1.665449996944516897e-01,2.811452353275135929e-02
7.599999999999999985e-03,1.613368911202996969e-01,2.819675682602744426e-02
7.700000000000000247e-03,1.717531082686036825e-01,2.801858469059592682e-02
7.800000000000000509e-03,1.684980404097586870e-01,2.800487914171657933e-02
7.900000000000000772e-03,1.720786150544881821e-01,2.798432081839755808e-02
8.000000000000000167e-03,1.733806421980261803e-01,2.796376249507854031e-02
8.099999999999999561e-03,1.743571625556796789e-01,2.799117359283723183e-02
8.200000000000000691e-03,1.720786150544881821e-01,2.802543746503560057e-02
8.300000000000000086e-03,1.681725336238741875e-01,2.797746804395788434e-02
8.400000000000001216e-03,1.750081761274486780e-01,2.796376249507854031e-02
8.500000000000000611e-03,1.802162847016006708e-01,2.788152920180245534e-02
8.600000000000000006e-03,1.740316557697951794e-01,2.790894029956115033e-02
8.700000000000001135e-03,1.714276014827191830e-01,2.793635139731984532e-02
8.800000000000000530e-03,1.688235471956431866e-01,2.801858469059592682e-02
8.899999999999999925e-03,1.665449996944516897e-01,2.803914301391494807e-02
9.000000000000001055e-03,1.684980404097586870e-01,2.802543746503560057e-02
9.100000000000000450e-03,1.704510811250656843e-01,2.805284856279429556e-02
9.199999999999999845e-03,1.711020946968346834e-01,2.799117359283723183e-02
9.300000000000000974e-03,1.740316557697951794e-01,2.799117359283723183e-02
9.400000000000000369e-03,1.694745607674121857e-01,2.795690972063886656e-02
9.499999999999999764e-03,1.688235471956431866e-01,2.790208752512147658e-02
9.600000000000000894e-03,1.684980404097586870e-01,2.797746804395788434e-02
9.700000000000000289e-03,1.733806421980261803e-01,2.795690972063886656e-02
9.799999999999999684e-03,1.743571625556796789e-01,2.795690972063886656e-02
9.900000000000000813e-03,1.714276014827191830e-01,2.801858469059592682e-02
1.000000000000000021e-02,1.720786150544881821e-01,2.803229023947527432e-02
1.010000000000000134e-02,1.681725336238741875e-01,2.810081798387201180e-02
1.020000000000000073e-02,1.711020946968346834e-01,2.797061526951821059e-02
1.030000000000000013e-02,1.759846964851021767e-01,2.791579307400082408e-02
1.040000000000000126e-02,1.727296286262571812e-01,2.797746804395788434e-02
1.050000000000000065e-02,1.704510811250656843e-01,2.799117359283723183e-02
1.060000000000000005e-02,1.720786150544881821e-01,2.797746804395788434e-02
1.070000000000000118e-02,1.652429725509136915e-01,2.812137630719103304e-02
1.080000000000000057e-02,1.652429725509136915e-01,2.808025966055299055e-02
1.089999999999999997e-02,1.753336829133331776e-01,2.795005694619919281e-02
1.100000000000000110e-02,1.717531082686036825e-01,2.792264584844049782e-02
1.110000000000000049e-02,1.684980404097586870e-01,2.801858469059592682e-02
1.119999999999999989e-02,1.714276014827191830e-01,2.800487914171657933e-02
1.130000000000000102e-02,1.711020946968346834e-01,2.797746804395788434e-02
1.140000000000000041e-02,1.733806421980261803e-01,2.804599578835462181e-02
1.149999999999999981e-02,1.707765879109501839e-01,2.801173191615625307e-02
1.160000000000000094e-02,1.688235471956431866e-01,2.813508185607038053e-02
1.170000000000000033e-02,1.590583436191082001e-01,2.799117359283723183e-02
1.179999999999999973e-02,1.707765879109501839e-01,2.808025966055299055e-02
1.190000000000000085e-02,1.636154386214911938e-01,2.814193463051005428e-02
1.200000000000000025e-02,1.658939861226826906e-01,2.812137630719103304e-02
1.210000000000000138e-02,1.691490539815276861e-01,2.809396520943233805e-02
1.220000000000000077e-02,1.642664521932601929e-01,2.813508185607038053e-02
1.230000000000000017e-02,1.730551354121416807e-01,2.804599578835462181e-02
1.240000000000000130e-02,1.678470268379896879e-01,2.805284856279429556e-02
1.250000000000000069e-02,1.694745607674121857e-01,2.806655411167364306e-02
1.260000000000000009e-02,1.629644250497221947e-01,2.805284856279429556e-02
1.270000000000000122e-02,1.675215200521051884e-01,2.797746804395788434e-02
1.280000000000000061e-02,1.698000675532966852e-01,2.821046237490679176e-02
1.290000000000000001e-02,1.652429725509136915e-01,2.816934572826874927e-02
1.300000000000000114e-02,1.711020946968346834e-01,2.803229023947527432e-02
1.310000000000000053e-02,1.724041218403726816e-01,2.803229023947527432e-02
1.319999999999999993e-02,1.733806421980261803e-01,2.810081798387201180e-02
1.330000000000000106e-02,1.623134114779531956e-01,2.809396520943233805e-02
1.340000000000000045e-02,1.655684793367981911e-01,2.817619850270842302e-02
1.349999999999999985e-02,1.707765879109501839e-01,2.800487914171657933e-02
1.360000000000000098e-02,1.662194929085671902e-01,2.812822908163070679e-02
1.370000000000000037e-02,1.711020946968346834e-01,2.810767075831168554e-02
1.380000000000000150e-02,1.688235471956431866e-01,2.806655411167364306e-02
1.390000000000000090e-02,1.642664521932601929e-01,2.818305127714809677e-02
1.400000000000000029e-02,1.740316557697951794e-01,2.798432081839755808e-02
1.410000000000000142e-02,1.727296286262571812e-01,2.801858469059592682e-02
1.420000000000000082e-02,1.737061489839106798e-01,2.797061526951821059e-02
1.430000000000000021e-02,1.717531082686036825e-01,2.798432081839755808e-02
1.440000000000000134e-02,1.707765879109501839e-01,2.805970133723396931e-02
1.450000000000000074e-02,1.701255743391811848e-01,2.797746804395788434e-02
1.460000000000000013e-02,1.652429725509136915e-01,2.804599578835462181e-02
1.470000000000000126e-02,1.727296286262571812e-01,2.805284856279429556e-02
1.480000000000000066e-02,1.694745607674121857e-01,2.808711243499266430e-02
1.490000000000000005e-02,1.684980404097586870e-01,2.800487914171657933e-02
1.500000000000000118e-02,1.704510811250656843e-01,2.800487914171657933e-02
1.510000000000000057e-02,1.714276014827191830e-01,2.797061526951821059e-02
1.519999999999999997e-02,1.740316557697951794e-01,2.792264584844049782e-02
1.530000000000000110e-02,1.743571625556796789e-01,2.797061526951821059e-02
1.540000000000000049e-02,1.720786150544881821e-01,2.799117359283723183e-02
1.549999999999999989e-02,1.730551354121416807e-01,2.797061526951821059e-02
1.560000000000000102e-02,1.730551354121416807e-01,2.794320417175951907e-02
1.570000000000000215e-02,1.720786150544881821e-01,2.797746804395788434e-02
1.580000000000000154e-02,1.717531082686036825e-01,2.797061526951821059e-02
1.590000000000000094e-02,1.724041218403726816e-01,2.801858469059592682e-02
1.600000000000000033e-02,1.720786150544881821e-01,2.797061526951821059e-02
1.609999999999999973e-02,1.720786150544881821e-01,2.798432081839755808e-02
1.619999999999999912e-02,1.694745607674121857e-01,2.801858469059592682e-02
1.630000000000000199e-02,1.688235471956431866e-01,2.797061526951821059e-02
1.640000000000000138e-02,1.707765879109501839e-01,2.800487914171657933e-02
1.650000000000000078e-02,1.717531082686036825e-01,2.797746804395788434e-02
1.660000000000000017e-02,1.701255743391811848e-01,2.799117359283723183e-02
1.669999999999999957e-02,1.707765879109501839e-01,2.808025966055299055e-02
1.680000000000000243e-02,1.642664521932601929e-01,2.803914301391494807e-02
1.690000000000000183e-02,1.678470268379896879e-01,2.802543746503560057e-02
1.700000000000000122e-02,1.691490539815276861e-01,2.804599578835462181e-02
1.710000000000000062e-02,1.671960132662206888e-01,2.805970133723396931e-02
1.720000000000000001e-02,1.704510811250656843e-01,2.802543746503560057e-02
1.729999999999999941e-02,1.717531082686036825e-01,2.797061526951821059e-02
1.740000000000000227e-02,1.717531082686036825e-01,2.797061526951821059e-02
1.750000000000000167e-02,1.727296286262571812e-01,2.795690972063886656e-02
1.760000000000000106e-02,1.701255743391811848e-01,2.804599578835462181e-02
1.770000000000000046e-02,1.711020946968346834e-01,2.792949862288017157e-02
1.779999999999999985e-02,1.691490539815276861e-01,2.801173191615625307e-02
1.789999999999999925e-02,1.717531082686036825e-01,2.804599578835462181e-02
1.800000000000000211e-02,1.730551354121416807e-01,2.799117359283723183e-02
1.810000000000000150e-02,1.714276014827191830e-01,2.797746804395788434e-02
1.820000000000000090e-02,1.711020946968346834e-01,2.799117359283723183e-02
1.830000000000000029e-02,1.707765879109501839e-01,2.796376249507854031e-02
1.839999999999999969e-02,1.701255743391811848e-01,2.797746804395788434e-02
1.850000000000000255e-02,1.720786150544881821e-01,2.799117359283723183e-02
1.860000000000000195e-02,1.675215200521051884e-01,2.812822908163070679e-02
1.870000000000000134e-02,1.737061489839106798e-01,2.803914301391494807e-02
1.880000000000000074e-02,1.691490539815276861e-01,2.802543746503560057e-02
1.890000000000000013e-02,1.704510811250656843e-01,2.807340688611331680e-02
1.899999999999999953e-02,1.688235471956431866e-01,2.800487914171657933e-02
1.910000000000000239e-02,1.714276014827191830e-01,2.799117359283723183e-02
1.920000000000000179e-02,1.701255743391811848e-01,2.798432081839755808e-02
1.930000000000000118e-02,1.704510811250656843e-01,2.799117359283723183e-02
1.940000000000000058e-02,1.691490539815276861e-01,2.804599578835462181e-02
1.949999999999999997e-02,1.671960132662206888e-01,2.801173191615625307e-02
1.959999999999999937e-02,1.701255743391811848e-01,2.802543746503560057e-02
1.970000000000000223e-02,1.701255743391811848e-01,2.799117359283723183e-02
1.980000000000000163e-02,1.724041218403726816e-01,2.793635139731984532e-02
1.990000000000000102e-02,1.737061489839106798e-01,2.794320417175951907e-02
2.000000000000000042e-02,1.707765879109501839e-01,2.801173191615625307e-02
2.009999999999999981e-02,1.684980404097586870e-01,2.798432081839755808e-02
2.020000000000000268e-02,1.675215200521051884e-01,2.805284856279429556e-02
2.030000000000000207e-02,1.655684793367981911e-01,2.806655411167364306e-02
2.040000000000000147e-02,1.645919589791446924e-01,2.808711243499266430e-02
2.050000000000000086e-02,1.681725336238741875e-01,2.813508185607038053e-02
2.060000000000000026e-02,1.684980404097586870e-01,2.806655411167364306e-02
2.069999999999999965e-02,1.717531082686036825e-01,2.805970133723396931e-02
2.080000000000000251e-02,1.704510811250656843e-01,2.798432081839755808e-02
2.090000000000000191e-02,1.691490539815276861e-01,2.795690972063886656e-02
2.100000000000000130e-02,1.701255743391811848e-01,2.799117359283723183e-02
2.110000000000000070e-02,1.688235471956431866e-01,2.801858469059592682e-02
2.120000000000000009e-02,1.701255743391811848e-01,2.795690972063886656e-02
2.129999999999999949e-02,1.714276014827191830e-01,2.801858469059592682e-02
2.140000000000000235e-02,1.668705064803361893e-01,2.812137630719103304e-02
2.150000000000000175e-02,1.688235471956431866e-01,2.807340688611331680e-02
2.160000000000000114e-02,1.655684793367981911e-01,2.804599578835462181e-02
2.170000000000000054e-02,1.704510811250656843e-01,2.801173191615625307e-02
2.179999999999999993e-02,1.675215200521051884e-01,2.803229023947527432e-02
2.189999999999999933e-02,1.665449996944516897e-01,2.799117359283723183e-02
2.200000000000000219e-02,1.678470268379896879e-01,2.799117359283723183e-02
2.210000000000000159e-02,1.671960132662206888e-01,2.801858469059592682e-02
2.220000000000000098e-02,1.658939861226826906e-01,2.813508185607038053e-02
2.230000000000000038e-02,1.691490539815276861e-01,2.808025966055299055e-02
2.239999999999999977e-02,1.707765879109501839e-01,2.805284856279429556e-02
2.250000000000000264e-02,1.707765879109501839e-01,2.805970133723396931e-02
2.260000000000000203e-02,1.675215200521051884e-01,2.808711243499266430e-02
2.270000000000000143e-02,1.684980404097586870e-01,2.805970133723396931e-02
2.280000000000000082e-02,1.711020946968346834e-01,2.805284856279429556e-02
2.290000000000000022e-02,1.740316557697951794e-01,2.802543746503560057e-02
2.299999999999999961e-02,1.724041218403726816e-01,2.795690972063886656e-02
2.310000000000000248e-02,1.717531082686036825e-01,2.797746804395788434e-02
2.320000000000000187e-02,1.717531082686036825e-01,2.803914301391494807e-02
2.330000000000000127e-02,1.720786150544881821e-01,2.803914301391494807e-02
2.340000000000000066e-02,1.711020946968346834e-01,2.797746804395788434e-02
2.350000000000000006e-02,1.675215200521051884e-01,2.797746804395788434e-02
2.359999999999999945e-02,1.698000675532966852e-01,2.801858469059592682e-02
2.370000000000000231e-02,1.707765879109501839e-01,2.803914301391494807e-02
2.380000000000000171e-02,1.714276014827191830e-01,2.798432081839755808e-02
2.390000000000000110e-02,1.684980404097586870e-01,2.800487914171657933e-02
2.400000000000000050e-02,1.684980404097586870e-01,2.804599578835462181e-02
2.409999999999999989e-02,1.698000675532966852e-01,2.803229023947527432e-02
2.420000000000000276e-02,1.701255743391811848e-01,2.802543746503560057e-02
2.430000000000000215e-02,1.691490539815276861e-01,2.806655411167364306e-02
2.440000000000000155e-02,1.688235471956431866e-01,2.806655411167364306e-02
2.450000000000000094e-02,1.681725336238741875e-01,2.810081798387201180e-02
2.460000000000000034e-02,1.636154386214911938e-01,2.810767075831168554e-02
2.469999999999999973e-02,1.649174657650291920e-01,2.807340688611331680e-02
2.480000000000000260e-02,1.675215200521051884e-01,2.804599578835462181e-02
2.490000000000000199e-02,1.577563164755702019e-01,2.825157902154483425e-02
2.500000000000000139e-02,1.613368911202996969e-01,2.821731514934646551e-02
2.510000000000000078e-02,1.619879046920686960e-01,2.820360960046711801e-02
2.520000000000000018e-02,1.623134114779531956e-01,2.830640121706222076e-02
2.529999999999999957e-02,1.616623979061841965e-01,2.816934572826874927e-02
2.540000000000000244e-02,1.619879046920686960e-01,2.815564017938940178e-02
2.550000000000000183e-02,1.629644250497221947e-01,2.817619850270842302e-02
2.560000000000000123e-02,1.629644250497221947e-01,2.819675682602744426e-02
2.570000000000000062e-02,1.603603707626461983e-01,2.821046237490679176e-02
2.580000000000000002e-02,1.619879046920686960e-01,2.819675682602744426e-02
2.590000000000000288e-02,1.626389182638376951e-01,2.821731514934646551e-02
2.600000000000000228e-02,1.623134114779531956e-01,2.818305127714809677e-02
2.610000000000000167e-02,1.642664521932601929e-01,2.819675682602744426e-02
2.620000000000000107e-02,1.606858775485306978e-01,2.816934572826874927e-02
2.630000000000000046e-02,1.580818232614547014e-01,2.824472624710516050e-02
2.639999999999999986e-02,1.629644250497221947e-01,2.816249295382907553e-02
2.650000000000000272e-02,1.584073300473392010e-01,2.816249295382907553e-02
2.660000000000000211e-02,1.610113843344151974e-01,2.818305127714809677e-02
2.670000000000000151e-02,1.574308096896857023e-01,2.824472624710516050e-02
2.680000000000000090e-02,1.558032757602632046e-01,2.832010676594156826e-02
2.690000000000000030e-02,1.584073300473392010e-01,2.826528457042418174e-02
2.699999999999999969e-02,1.584073300473392010e-01,2.820360960046711801e-02
2.710000000000000256e-02,1.600348639767616987e-01,2.816249295382907553e-02
2.720000000000000195e-02,1.613368911202996969e-01,2.816249295382907553e-02
2.730000000000000135e-02,1.590583436191082001e-01,2.820360960046711801e-02
2.740000000000000074e-02,1.590583436191082001e-01,2.822416792378613926e-02
2.750000000000000014e-02,1.590583436191082001e-01,2.826528457042418174e-02
2.760000000000000300e-02,1.590583436191082001e-01,2.821731514934646551e-02
2.770000000000000240e-02,1.603603707626461983e-01,2.831325399150189451e-02
2.780000000000000179e-02,1.577563164755702019e-01,2.827213734486385549e-02
2.790000000000000119e-02,1.597093571908771992e-01,2.824472624710516050e-02
2.800000000000000058e-02,1.580818232614547014e-01,2.829269566818287326e-02
2.809999999999999998e-02,1.613368911202996969e-01,2.828584289374320299e-02
2.820000000000000284e-02,1.580818232614547014e-01,2.816934572826874927e-02
2.830000000000000224e-02,1.577563164755702019e-01,2.825843179598450799e-02
2.840000000000000163e-02,1.616623979061841965e-01,2.819675682602744426e-02
2.850000000000000103e-02,1.626389182638376951e-01,2.812822908163070679e-02
2.860000000000000042e-02,1.619879046920686960e-01,2.821046237490679176e-02
2.869999999999999982e-02,1.584073300473392010e-01,2.825843179598450799e-02
2.880000000000000268e-02,1.613368911202996969e-01,2.821046237490679176e-02
2.890000000000000208e-02,1.597093571908771992e-01,2.824472624710516050e-02
2.900000000000000147e-02,1.590583436191082001e-01,2.822416792378613926e-02
2.910000000000000087e-02,1.610113843344151974e-01,2.813508185607038053e-02
2.920000000000000026e-02,1.571053029038012028e-01,2.826528457042418174e-02
2.930000000000000313e-02,1.597093571908771992e-01,2.821046237490679176e-02
2.940000000000000252e-02,1.603603707626461983e-01,2.822416792378613926e-02
2.950000000000000192e-02,1.603603707626461983e-01,2.823102069822581300e-02
2.960000000000000131e-02,1.597093571908771992e-01,2.826528457042418174e-02
2.970000000000000070e-02,1.600348639767616987e-01,2.816249295382907553e-02
2.980000000000000010e-02,1.623134114779531956e-01,2.822416792378613926e-02
2.990000000000000296e-02,1.577563164755702019e-01,2.820360960046711801e-02
3.000000000000000236e-02,1.597093571908771992e-01,2.816934572826874927e-02
3.010000000000000175e-02,1.584073300473392010e-01,2.818990405158777052e-02
3.020000000000000115e-02,1.619879046920686960e-01,2.823787347266548675e-02
3.030000000000000054e-02,1.642664521932601929e-01,2.816934572826874927e-02
3.039999999999999994e-02,1.610113843344151974e-01,2.822416792378613926e-02
3.050000000000000280e-02,1.597093571908771992e-01,2.823787347266548675e-02
3.060000000000000220e-02,1.610113843344151974e-01,2.820360960046711801e-02
3.070000000000000159e-02,1.580818232614547014e-01,2.816249295382907553e-02
3.080000000000000099e-02,1.577563164755702019e-01,2.820360960046711801e-02
3.090000000000000038e-02,1.600348639767616987e-01,2.821046237490679176e-02
3.099999999999999978e-02,1.678470268379896879e-01,2.805284856279429556e-02
3.110000000000000264e-02,1.613368911202996969e-01,2.821046237490679176e-02
3.120000000000000204e-02,1.642664521932601929e-01,2.810767075831168554e-02
3.130000000000000143e-02,1.629644250497221947e-01,2.816934572826874927e-02
3.140000000000000430e-02,1.636154386214911938e-01,2.821731514934646551e-02
3.150000000000000022e-02,1.613368911202996969e-01,2.824472624710516050e-02
3.160000000000000309e-02,1.645919589791446924e-01,2.805970133723396931e-02
3.169999999999999901e-02,1.632899318356066942e-01,2.818305127714809677e-02
3.180000000000000188e-02,1.590583436191082001e-01,2.819675682602744426e-02
3.190000000000000474e-02,1.610113843344151974e-01,2.820360960046711801e-02
3.200000000000000067e-02,1.587328368332237005e-01,2.822416792378613926e-02
3.210000000000000353e-02,1.593838504049926996e-01,2.825157902154483425e-02
3.219999999999999946e-02,1.613368911202996969e-01,2.823787347266548675e-02
3.230000000000000232e-02,1.574308096896857023e-01,2.827213734486385549e-02
3.239999999999999825e-02,1.603603707626461983e-01,2.823102069822581300e-02
3.250000000000000111e-02,1.613368911202996969e-01,2.826528457042418174e-02
3.260000000000000397e-02,1.597093571908771992e-01,2.824472624710516050e-02
3.269999999999999990e-02,1.619879046920686960e-01,2.832695954038124200e-02
3.280000000000000276e-02,1.616623979061841965e-01,2.824472624710516050e-02
3.289999999999999869e-02,1.603603707626461983e-01,2.827213734486385549e-02
3.300000000000000155e-02,1.597093571908771992e-01,2.825843179598450799e-02
3.310000000000000442e-02,1.574308096896857023e-01,2.834066508926058950e-02
3.320000000000000034e-02,1.551522621884942055e-01,2.829954844262254701e-02
3.330000000000000321e-02,1.574308096896857023e-01,2.823787347266548675e-02
3.339999999999999913e-02,1.541757418308407068e-01,2.827899011930352924e-02
3.350000000000000200e-02,1.577563164755702019e-01,2.823102069822581300e-02
3.360000000000000486e-02,1.587328368332237005e-01,2.826528457042418174e-02
3.370000000000000079e-02,1.587328368332237005e-01,2.829269566818287326e-02
3.380000000000000365e-02,1.593838504049926996e-01,2.829269566818287326e-02
3.389999999999999958e-02,1.574308096896857023e-01,2.834751786370026325e-02
3.400000000000000244e-02,1.571053029038012028e-01,2.823102069822581300e-02
3.409999999999999837e-02,1.577563164755702019e-01,2.833381231482091575e-02
3.420000000000000123e-02,1.558032757602632046e-01,2.835437063813993699e-02
3.430000000000000410e-02,1.580818232614547014e-01,2.830640121706222076e-02
3.440000000000000002e-02,1.571053029038012028e-01,2.826528457042418174e-02
3.450000000000000289e-02,1.577563164755702019e-01,2.830640121706222076e-02
3.459999999999999881e-02,1.606858775485306978e-01,2.825157902154483425e-02
3.470000000000000168e-02,1.606858775485306978e-01,2.817619850270842302e-02
3.480000000000000454e-02,1.593838504049926996e-01,2.822416792378613926e-02
3.490000000000000047e-02,1.610113843344151974e-01,2.818305127714809677e-02
3.500000000000000333e-02,1.623134114779531956e-01,2.818305127714809677e-02
3.509999999999999926e-02,1.649174657650291920e-01,2.822416792378613926e-02
3.520000000000000212e-02,1.619879046920686960e-01,2.819675682602744426e-02
3.530000000000000498e-02,1.645919589791446924e-01,2.814193463051005428e-02
3.540000000000000091e-02,1.652429725509136915e-01,2.812822908163070679e-02
3.550000000000000377e-02,1.623134114779531956e-01,2.817619850270842302e-02
3.559999999999999970e-02,1.603603707626461983e-01,2.818990405158777052e-02
3.570000000000000256e-02,1.590583436191082001e-01,2.823787347266548675e-02
3.579999999999999849e-02,1.613368911202996969e-01,2.822416792378613926e-02
3.590000000000000135e-02,1.606858775485306978e-01,2.815564017938940178e-02
3.600000000000000422e-02,1.619879046920686960e-01,2.817619850270842302e-02
3.610000000000000014e-02,1.613368911202996969e-01,2.823102069822581300e-02
3.620000000000000301e-02,1.649174657650291920e-01,2.817619850270842302e-02
3.629999999999999893e-02,1.597093571908771992e-01,2.819675682602744426e-02
3.640000000000000180e-02,1.655684793367981911e-01,2.816934572826874927e-02
3.650000000000000466e-02,1.639409454073756933e-01,2.815564017938940178e-02
3.660000000000000059e-02,1.636154386214911938e-01,2.814878740494972803e-02
3.670000000000000345e-02,1.597093571908771992e-01,2.821046237490679176e-02
3.679999999999999938e-02,1.603603707626461983e-01,2.818990405158777052e-02
3.690000000000000224e-02,1.616623979061841965e-01,2.817619850270842302e-02
3.700000000000000511e-02,1.593838504049926996e-01,2.814878740494972803e-02
3.710000000000000103e-02,1.613368911202996969e-01,2.820360960046711801e-02
3.720000000000000390e-02,1.636154386214911938e-01,2.817619850270842302e-02
3.729999999999999982e-02,1.629644250497221947e-01,2.814878740494972803e-02
3.740000000000000269e-02,1.636154386214911938e-01,2.812822908163070679e-02
3.749999999999999861e-02,1.655684793367981911e-01,2.811452353275135929e-02
3.760000000000000148e-02,1.636154386214911938e-01,2.812137630719103304e-02
3.770000000000000434e-02,1.616623979061841965e-01,2.816249295382907553e-02
3.780000000000000027e-02,1.658939861226826906e-01,2.810767075831168554e-02
3.790000000000000313e-02,1.649174657650291920e-01,2.812822908163070679e-02
3.799999999999999906e-02,1.636154386214911938e-01,2.810767075831168554e-02
3.810000000000000192e-02,1.665449996944516897e-01,2.812137630719103304e-02
3.820000000000000479e-02,1.642664521932601929e-01,2.818305127714809677e-02
3.830000000000000071e-02,1.619879046920686960e-01,2.817619850270842302e-02
3.840000000000000357e-02,1.684980404097586870e-01,2.804599578835462181e-02
3.849999999999999950e-02,1.623134114779531956e-01,2.816249295382907553e-02
3.860000000000000236e-02,1.658939861226826906e-01,2.808711243499266430e-02
3.870000000000000523e-02,1.639409454073756933e-01,2.805970133723396931e-02
3.880000000000000115e-02,1.649174657650291920e-01,2.808025966055299055e-02
3.890000000000000402e-02,1.655684793367981911e-01,2.814878740494972803e-02
3.899999999999999994e-02,1.662194929085671902e-01,2.810767075831168554e-02
3.910000000000000281e-02,1.668705064803361893e-01,2.809396520943233805e-02
3.919999999999999873e-02,1.629644250497221947e-01,2.810767075831168554e-02
3.930000000000000160e-02,1.681725336238741875e-01,2.810767075831168554e-02
3.940000000000000446e-02,1.665449996944516897e-01,2.809396520943233805e-02
3.950000000000000039e-02,1.626389182638376951e-01,2.814193463051005428e-02
3.960000000000000325e-02,1.629644250497221947e-01,2.816934572826874927e-02
3.969999999999999918e-02,1.655684793367981911e-01,2.817619850270842302e-02
3.980000000000000204e-02,1.645919589791446924e-01,2.810767075831168554e-02
3.990000000000000491e-02,1.645919589791446924e-01,2.810767075831168554e-02
4.000000000000000083e-02,1.636154386214911938e-01,2.804599578835462181e-02
4.010000000000000370e-02,1.658939861226826906e-01,2.812137630719103304e-02
4.019999999999999962e-02,1.623134114779531956e-01,2.814878740494972803e-02
4.030000000000000249e-02,1.629644250497221947e-01,2.815564017938940178e-02
4.040000000000000535e-02,1.645919589791446924e-01,2.810767075831168554e-02
4.050000000000000128e-02,1.593838504049926996e-01,2.816249295382907553e-02
4.060000000000000414e-02,1.626389182638376951e-01,2.813508185607038053e-02
4.070000000000000007e-02,1.652429725509136915e-01,2.812822908163070679e-02
4.080000000000000293e-02,1.626389182638376951e-01,2.818305127714809677e-02
4.089999999999999886e-02,1.655684793367981911e-01,2.813508185607038053e-02
4.100000000000000172e-02,1.655684793367981911e-01,2.808711243499266430e-02
4.110000000000000459e-02,1.652429725509136915e-01,2.816249295382907553e-02
4.120000000000000051e-02,1.665449996944516897e-01,2.806655411167364306e-02
4.130000000000000338e-02,1.655684793367981911e-01,2.804599578835462181e-02
4.139999999999999930e-02,1.636154386214911938e-01,2.806655411167364306e-02
4.150000000000000216e-02,1.655684793367981911e-01,2.810767075831168554e-02
4.160000000000000503e-02,1.698000675532966852e-01,2.809396520943233805e-02
4.170000000000000095e-02,1.626389182638376951e-01,2.818990405158777052e-02
4.180000000000000382e-02,1.655684793367981911e-01,2.816249295382907553e-02
4.189999999999999974e-02,1.610113843344151974e-01,2.821046237490679176e-02
4.200000000000000261e-02,1.613368911202996969e-01,2.823787347266548675e-02
4.210000000000000547e-02,1.584073300473392010e-01,2.821731514934646551e-02
4.220000000000000140e-02,1.629644250497221947e-01,2.823787347266548675e-02
4.230000000000000426e-02,1.668705064803361893e-01,2.813508185607038053e-02
4.240000000000000019e-02,1.655684793367981911e-01,2.814878740494972803e-02
4.250000000000000305e-02,1.606858775485306978e-01,2.818990405158777052e-02
4.259999999999999898e-02,1.610113843344151974e-01,2.816934572826874927e-02
4.270000000000000184e-02,1.593838504049926996e-01,2.814193463051005428e-02
4.280000000000000471e-02,1.610113843344151974e-01,2.815564017938940178e-02
4.290000000000000063e-02,1.623134114779531956e-01,2.816249295382907553e-02
4.300000000000000350e-02,1.639409454073756933e-01,2.816249295382907553e-02
4.309999999999999942e-02,1.639409454073756933e-01,2.814193463051005428e-02
4.320000000000000229e-02,1.600348639767616987e-01,2.810081798387201180e-02
4.330000000000000515e-02,1.645919589791446924e-01,2.811452353275135929e-02
4.340000000000000108e-02,1.603603707626461983e-01,2.819675682602744426e-02
4.350000000000000394e-02,1.613368911202996969e-01,2.822416792378613926e-02
4.359999999999999987e-02,1.597093571908771992e-01,2.827213734486385549e-02
4.370000000000000273e-02,1.610113843344151974e-01,2.828584289374320299e-02
4.379999999999999866e-02,1.590583436191082001e-01,2.817619850270842302e-02
4.390000000000000152e-02,1.610113843344151974e-01,2.819675682602744426e-02
4.400000000000000439e-02,1.580818232614547014e-01,2.820360960046711801e-02
4.410000000000000031e-02,1.616623979061841965e-01,2.820360960046711801e-02
4.420000000000000318e-02,1.636154386214911938e-01,2.819675682602744426e-02
4.429999999999999910e-02,1.639409454073756933e-01,2.807340688611331680e-02
4.440000000000000197e-02,1.632899318356066942e-01,2.814878740494972803e-02
4.450000000000000483e-02,1.665449996944516897e-01,2.812137630719103304e-02
4.460000000000000075e-02,1.639409454073756933e-01,2.814193463051005428e-02
4.470000000000000362e-02,1.642664521932601929e-01,2.816249295382907553e-02
4.479999999999999954e-02,1.629644250497221947e-01,2.814878740494972803e-02
4.490000000000000241e-02,1.645919589791446924e-01,2.817619850270842302e-02
4.500000000000000527e-02,1.636154386214911938e-01,2.821731514934646551e-02
4.510000000000000120e-02,1.616623979061841965e-01,2.821731514934646551e-02
4.520000000000000406e-02,1.619879046920686960e-01,2.813508185607038053e-02
4.529999999999999999e-02,1.590583436191082001e-01,2.822416792378613926e-02
4.540000000000000285e-02,1.610113843344151974e-01,2.820360960046711801e-02
4.549999999999999878e-02,1.619879046920686960e-01,2.817619850270842302e-02
4.560000000000000164e-02,1.616623979061841965e-01,2.820360960046711801e-02
4.570000000000000451e-02,1.639409454073756933e-01,2.822416792378613926e-02
4.580000000000000043e-02,1.619879046920686960e-01,2.821046237490679176e-02
4.590000000000000330e-02,1.597093571908771992e-01,2.819675682602744426e-02
4.599999999999999922e-02,1.600348639767616987e-01,2.831325399150189451e-02
4.610000000000000209e-02,1.551522621884942055e-01,2.829269566818287326e-02
4.620000000000000495e-02,1.548267554026097059e-01,2.828584289374320299e-02
4.630000000000000088e-02,1.558032757602632046e-01,2.828584289374320299e-02
4.640000000000000374e-02,1.600348639767616987e-01,2.832010676594156826e-02
4.649999999999999967e-02,1.571053029038012028e-01,2.832010676594156826e-02
4.660000000000000253e-02,1.564542893320322037e-01,2.829954844262254701e-02
4.670000000000000540e-02,1.518971943296492100e-01,2.833381231482091575e-02
4.680000000000000132e-02,1.561287825461477041e-01,2.832010676594156826e-02
4.690000000000000419e-02,1.571053029038012028e-01,2.835437063813993699e-02
4.700000000000000011e-02,1.538502350449562073e-01,2.832695954038124200e-02
4.710000000000000298e-02,1.567797961179167032e-01,2.830640121706222076e-02
4.719999999999999890e-02,1.535247282590717077e-01,2.832010676594156826e-02
4.730000000000000177e-02,1.535247282590717077e-01,2.832695954038124200e-02
4.740000000000000463e-02,1.545012486167252064e-01,2.838178173589863199e-02
4.750000000000000056e-02,1.531992214731872082e-01,2.834066508926058950e-02
4.760000000000000342e-02,1.545012486167252064e-01,2.834066508926058950e-02
4.769999999999999934e-02,1.551522621884942055e-01,2.832010676594156826e-02
4.780000000000000221e-02,1.515716875437647104e-01,2.829269566818287326e-02
4.790000000000000507e-02,1.571053029038012028e-01,2.829954844262254701e-02
4.800000000000000100e-02,1.567797961179167032e-01,2.836122341257961074e-02
4.810000000000000386e-02,1.567797961179167032e-01,2.836122341257961074e-02
4.819999999999999979e-02,1.577563164755702019e-01,2.823787347266548675e-02
4.830000000000000265e-02,1.541757418308407068e-01,2.834751786370026325e-02
4.840000000000000552e-02,1.541757418308407068e-01,2.833381231482091575e-02
4.850000000000000144e-02,1.535247282590717077e-01,2.829269566818287326e-02
4.860000000000000431e-02,1.590583436191082001e-01,2.829269566818287326e-02
4.870000000000000023e-02,1.613368911202996969e-01,2.825843179598450799e-02
4.880000000000000310e-02,1.567797961179167032e-01,2.834066508926058950e-02
4.889999999999999902e-02,1.525482079014182091e-01,2.836122341257961074e-02
4.900000000000000189e-02,1.522227011155337095e-01,2.829954844262254701e-02
4.910000000000000475e-02,1.564542893320322037e-01,2.833381231482091575e-02
4.920000000000000068e-02,1.561287825461477041e-01,2.830640121706222076e-02
4.930000000000000354e-02,1.554777689743787050e-01,2.839548728477797948e-02
4.939999999999999947e-02,1.558032757602632046e-01,2.840234005921765323e-02
4.950000000000000233e-02,1.561287825461477041e-01,2.832695954038124200e-02
4.960000000000000520e-02,1.567797961179167032e-01,2.827899011930352924e-02
4.970000000000000112e-02,1.551522621884942055e-01,2.823787347266548675e-02
4.980000000000000399e-02,1.551522621884942055e-01,2.825157902154483425e-02
4.989999999999999991e-02,1.597093571908771992e-01,2.832695954038124200e-02
5.000000000000000278e-02,1.580818232614547014e-01,2.827213734486385549e-02
5.010000000000000564e-02,1.584073300473392010e-01,2.834751786370026325e-02
5.020000000000000157e-02,1.571053029038012028e-01,2.829954844262254701e-02
5.030000000000000443e-02,1.551522621884942055e-01,2.829269566818287326e-02
5.040000000000000036e-02,1.545012486167252064e-01,2.838178173589863199e-02
5.050000000000000322e-02,1.571053029038012028e-01,2.823787347266548675e-02
5.059999999999999915e-02,1.616623979061841965e-01,2.829954844262254701e-02
5.070000000000000201e-02,1.558032757602632046e-01,2.834751786370026325e-02
5.080000000000000487e-02,1.577563164755702019e-01,2.841604560809700072e-02
5.090000000000000080e-02,1.561287825461477041e-01,2.829269566818287326e-02
5.100000000000000366e-02,1.558032757602632046e-01,2.830640121706222076e-02
5.109999999999999959e-02,1.545012486167252064e-01,2.827213734486385549e-02
5.120000000000000245e-02,1.548267554026097059e-01,2.832010676594156826e-02
5.130000000000000532e-02,1.548267554026097059e-01,2.833381231482091575e-02
5.140000000000000124e-02,1.580818232614547014e-01,2.830640121706222076e-02
5.150000000000000411e-02,1.538502350449562073e-01,2.830640121706222076e-02
5.160000000000000003e-02,1.535247282590717077e-01,2.825843179598450799e-02
5.170000000000000290e-02,1.538502350449562073e-01,2.823102069822581300e-02
5.180000000000000576e-02,1.606858775485306978e-01,2.824472624710516050e-02
5.190000000000000169e-02,1.574308096896857023e-01,2.835437063813993699e-02
5.200000000000000455e-02,1.548267554026097059e-01,2.823787347266548675e-02
5.210000000000000048e-02,1.629644250497221947e-01,2.811452353275135929e-02
5.220000000000000334e-02,1.645919589791446924e-01,2.821731514934646551e-02
5.229999999999999927e-02,1.642664521932601929e-01,2.810081798387201180e-02
5.240000000000000213e-02,1.658939861226826906e-01,2.811452353275135929e-02
5.250000000000000500e-02,1.678470268379896879e-01,2.810767075831168554e-02
5.260000000000000092e-02,1.626389182638376951e-01,2.817619850270842302e-02
5.270000000000000379e-02,1.606858775485306978e-01,2.803914301391494807e-02
5.279999999999999971e-02,1.626389182638376951e-01,2.807340688611331680e-02
5.290000000000000258e-02,1.662194929085671902e-01,2.812822908163070679e-02
5.300000000000000544e-02,1.619879046920686960e-01,2.808711243499266430e-02
5.310000000000000137e-02,1.652429725509136915e-01,2.821731514934646551e-02
5.320000000000000423e-02,1.629644250497221947e-01,2.817619850270842302e-02
5.330000000000000016e-02,1.662194929085671902e-01,2.815564017938940178e-02
5.340000000000000302e-02,1.662194929085671902e-01,2.812137630719103304e-02
5.350000000000000588e-02,1.642664521932601929e-01,2.815564017938940178e-02
5.360000000000000181e-02,1.629644250497221947e-01,2.810081798387201180e-02
5.370000000000000467e-02,1.658939861226826906e-01,2.802543746503560057e-02
5.380000000000000060e-02,1.694745607674121857e-01,2.795690972063886656e-02
5.390000000000000346e-02,1.678470268379896879e-01,2.820360960046711801e-02
5.399999999999999939e-02,1.658939861226826906e-01,2.812137630719103304e-02
5.410000000000000225e-02,1.629644250497221947e-01,2.814193463051005428e-02
5.420000000000000512e-02,1.665449996944516897e-01,2.809396520943233805e-02
5.430000000000000104e-02,1.645919589791446924e-01,2.813508185607038053e-02
5.440000000000000391e-02,1.665449996944516897e-01,2.800487914171657933e-02
5.449999999999999983e-02,1.694745607674121857e-01,2.806655411167364306e-02
5.460000000000000270e-02,1.652429725509136915e-01,2.807340688611331680e-02
5.470000000000000556e-02,1.688235471956431866e-01,2.810081798387201180e-02
5.480000000000000149e-02,1.655684793367981911e-01,2.810767075831168554e-02
5.490000000000000435e-02,1.662194929085671902e-01,2.802543746503560057e-02
5.500000000000000028e-02,1.688235471956431866e-01,2.805284856279429556e-02
5.510000000000000314e-02,1.658939861226826906e-01,2.810767075831168554e-02
5.520000000000000601e-02,1.655684793367981911e-01,2.807340688611331680e-02
5.530000000000000193e-02,1.645919589791446924e-01,2.804599578835462181e-02
5.540000000000000480e-02,1.665449996944516897e-01,2.809396520943233805e-02
5.550000000000000072e-02,1.655684793367981911e-01,2.804599578835462181e-02
5.560000000000000359e-02,1.691490539815276861e-01,2.807340688611331680e-02
5.569999999999999951e-02,1.694745607674121857e-01,2.790894029956115033e-02
5.580000000000000238e-02,1.671960132662206888e-01,2.803914301391494807e-02
5.590000000000000524e-02,1.678470268379896879e-01,2.806655411167364306e-02
5.600000000000000117e-02,1.688235471956431866e-01,2.799117359283723183e-02
5.610000000000000403e-02,1.688235471956431866e-01,2.803229023947527432e-02
5.619999999999999996e-02,1.714276014827191830e-01,2.812137630719103304e-02
5.630000000000000282e-02,1.707765879109501839e-01,2.799117359283723183e-02
5.640000000000000568e-02,1.704510811250656843e-01,2.811452353275135929e-02
5.650000000000000161e-02,1.681725336238741875e-01,2.805970133723396931e-02
5.660000000000000447e-02,1.665449996944516897e-01,2.806655411167364306e-02
5.670000000000000040e-02,1.684980404097586870e-01,2.806655411167364306e-02
5.680000000000000326e-02,1.691490539815276861e-01,2.805284856279429556e-02
5.690000000000000613e-02,1.678470268379896879e-01,2.807340688611331680e-02
5.700000000000000205e-02,1.720786150544881821e-01,2.803229023947527432e-02
5.710000000000000492e-02,1.701255743391811848e-01,2.803229023947527432e-02
5.720000000000000084e-02,1.652429725509136915e-01,2.810081798387201180e-02
5.730000000000000371e-02,1.668705064803361893e-01,2.810767075831168554e-02
5.739999999999999963e-02,1.655684793367981911e-01,2.812822908163070679e-02
5.750000000000000250e-02,1.658939861226826906e-01,2.813508185607038053e-02
5.760000000000000536e-02,1.665449996944516897e-01,2.811452353275135929e-02
5.770000000000000129e-02,1.678470268379896879e-01,2.805284856279429556e-02
5.780000000000000415e-02,1.665449996944516897e-01,2.801173191615625307e-02
5.790000000000000008e-02,1.678470268379896879e-01,2.806655411167364306e-02
5.800000000000000294e-02,1.668705064803361893e-01,2.809396520943233805e-02
5.810000000000000581e-02,1.652429725509136915e-01,2.810767075831168554e-02
5.820000000000000173e-02,1.668705064803361893e-01,2.810081798387201180e-02
5.830000000000000460e-02,1.704510811250656843e-01,2.805284856279429556e-02
5.840000000000000052e-02,1.665449996944516897e-01,2.805970133723396931e-02
5.850000000000000339e-02,1.649174657650291920e-01,2.808711243499266430e-02
5.860000000000000625e-02,1.662194929085671902e-01,2.805970133723396931e-02
5.870000000000000218e-02,1.665449996944516897e-01,2.818305127714809677e-02
5.880000000000000504e-02,1.665449996944516897e-01,2.805970133723396931e-02
5.890000000000000097e-02,1.668705064803361893e-01,2.803229023947527432e-02
5.900000000000000383e-02,1.652429725509136915e-01,2.803229023947527432e-02
5.909999999999999976e-02,1.658939861226826906e-01,2.807340688611331680e-02
5.920000000000000262e-02,1.684980404097586870e-01,2.809396520943233805e-02
5.930000000000000548e-02,1.671960132662206888e-01,2.810081798387201180e-02
5.940000000000000141e-02,1.681725336238741875e-01,2.803229023947527432e-02
5.950000000000000427e-02,1.678470268379896879e-01,2.803229023947527432e-02
5.960000000000000020e-02,1.668705064803361893e-01,2.802543746503560057e-02
5.970000000000000306e-02,1.698000675532966852e-01,2.810767075831168554e-02
5.980000000000000593e-02,1.668705064803361893e-01,2.810081798387201180e-02
5.990000000000000185e-02,1.655684793367981911e-01,2.808025966055299055e-02
6.000000000000000472e-02,1.671960132662206888e-01,2.802543746503560057e-02
6.010000000000000064e-02,1.678470268379896879e-01,2.802543746503560057e-02
6.020000000000000351e-02,1.691490539815276861e-01,2.804599578835462181e-02
6.029999999999999943e-02,1.701255743391811848e-01,2.804599578835462181e-02
6.040000000000000230e-02,1.675215200521051884e-01,2.803914301391494807e-02
6.050000000000000516e-02,1.678470268379896879e-01,2.807340688611331680e-02
6.060000000000000109e-02,1.694745607674121857e-01,2.801858469059592682e-02
6.070000000000000395e-02,1.688235471956431866e-01,2.806655411167364306e-02
6.079999999999999988e-02,1.675215200521051884e-01,2.798432081839755808e-02
6.090000000000000274e-02,1.684980404097586870e-01,2.808025966055299055e-02
6.100000000000000561e-02,1.694745607674121857e-01,2.806655411167364306e-02
6.110000000000000153e-02,1.688235471956431866e-01,2.805970133723396931e-02
6.120000000000000440e-02,1.684980404097586870e-01,2.801173191615625307e-02
6.130000000000000032e-02,1.720786150544881821e-01,2.802543746503560057e-02
6.140000000000000319e-02,1.711020946968346834e-01,2.804599578835462181e-02
6.150000000000000605e-02,1.671960132662206888e-01,2.808025966055299055e-02
6.160000000000000198e-02,1.658939861226826906e-01,2.801173191615625307e-02
6.170000000000000484e-02,1.665449996944516897e-01,2.800487914171657933e-02
6.180000000000000077e-02,1.684980404097586870e-01,2.808025966055299055e-02
6.190000000000000363e-02,1.707765879109501839e-01,2.805970133723396931e-02
6.199999999999999956e-02,1.684980404097586870e-01,2.805284856279429556e-02
6.210000000000000242e-02,1.698000675532966852e-01,2.804599578835462181e-02
6.220000000000000528e-02,1.698000675532966852e-01,2.803229023947527432e-02
6.230000000000000121e-02,1.691490539815276861e-01,2.799802636727690558e-02
6.240000000000000407e-02,1.681725336238741875e-01,2.802543746503560057e-02
6.250000000000000000e-02,1.698000675532966852e-01,2.803229023947527432e-02
6.260000000000000286e-02,1.662194929085671902e-01,2.797061526951821059e-02
6.270000000000000573e-02,1.665449996944516897e-01,2.801173191615625307e-02
6.280000000000000859e-02,1.658939861226826906e-01,2.801858469059592682e-02
6.289999999999999758e-02,1.678470268379896879e-01,2.801173191615625307e-02
6.300000000000000044e-02,1.671960132662206888e-01,2.803229023947527432e-02
6.310000000000000331e-02,1.671960132662206888e-01,2.798432081839755808e-02
6.320000000000000617e-02,1.671960132662206888e-01,2.799117359283723183e-02
6.330000000000000904e-02,1.675215200521051884e-01,2.804599578835462181e-02
6.339999999999999802e-02,1.694745607674121857e-01,2.801173191615625307e-02
6.350000000000000089e-02,1.707765879109501839e-01,2.802543746503560057e-02
6.360000000000000375e-02,1.681725336238741875e-01,2.804599578835462181e-02
6.370000000000000662e-02,1.691490539815276861e-01,2.800487914171657933e-02
6.380000000000000948e-02,1.688235471956431866e-01,2.802543746503560057e-02
6.389999999999999847e-02,1.668705064803361893e-01,2.801858469059592682e-02
6.400000000000000133e-02,1.662194929085671902e-01,2.808711243499266430e-02
6.410000000000000420e-02,1.691490539815276861e-01,2.805970133723396931e-02
6.420000000000000706e-02,1.681725336238741875e-01,2.804599578835462181e-02
6.430000000000000993e-02,1.649174657650291920e-01,2.808025966055299055e-02
6.439999999999999891e-02,1.668705064803361893e-01,2.805284856279429556e-02
6.450000000000000178e-02,1.662194929085671902e-01,2.808025966055299055e-02
6.460000000000000464e-02,1.662194929085671902e-01,2.810767075831168554e-02
6.470000000000000751e-02,1.655684793367981911e-01,2.808711243499266430e-02
6.479999999999999649e-02,1.678470268379896879e-01,2.804599578835462181e-02
6.489999999999999936e-02,1.665449996944516897e-01,2.812822908163070679e-02
6.500000000000000222e-02,1.665449996944516897e-01,2.812822908163070679e-02
6.510000000000000508e-02,1.691490539815276861e-01,2.809396520943233805e-02
6.520000000000000795e-02,1.688235471956431866e-01,2.813508185607038053e-02
6.529999999999999694e-02,1.668705064803361893e-01,2.805284856279429556e-02
6.539999999999999980e-02,1.681725336238741875e-01,2.806655411167364306e-02
6.550000000000000266e-02,1.681725336238741875e-01,2.804599578835462181e-02
6.560000000000000553e-02,1.681725336238741875e-01,2.803229023947527432e-02
6.570000000000000839e-02,1.698000675532966852e-01,2.803229023947527432e-02
6.579999999999999738e-02,1.707765879109501839e-01,2.805970133723396931e-02
6.590000000000000024e-02,1.665449996944516897e-01,2.805970133723396931e-02
6.600000000000000311e-02,1.704510811250656843e-01,2.801858469059592682e-02
6.610000000000000597e-02,1.691490539815276861e-01,2.804599578835462181e-02
6.620000000000000884e-02,1.684980404097586870e-01,2.799802636727690558e-02
6.629999999999999782e-02,1.691490539815276861e-01,2.799117359283723183e-02
6.640000000000000069e-02,1.678470268379896879e-01,2.801173191615625307e-02
6.650000000000000355e-02,1.684980404097586870e-01,2.803229023947527432e-02
6.660000000000000642e-02,1.684980404097586870e-01,2.799117359283723183e-02
6.670000000000000928e-02,1.668705064803361893e-01,2.804599578835462181e-02
6.679999999999999827e-02,1.668705064803361893e-01,2.808025966055299055e-02
6.690000000000000113e-02,1.684980404097586870e-01,2.802543746503560057e-02
6.700000000000000400e-02,1.684980404097586870e-01,2.803914301391494807e-02
6.710000000000000686e-02,1.671960132662206888e-01,2.803914301391494807e-02
6.720000000000000973e-02,1.704510811250656843e-01,2.805970133723396931e-02
6.729999999999999871e-02,1.701255743391811848e-01,2.805284856279429556e-02
6.740000000000000158e-02,1.698000675532966852e-01,2.800487914171657933e-02
6.750000000000000444e-02,1.701255743391811848e-01,2.803229023947527432e-02
6.760000000000000731e-02,1.675215200521051884e-01,2.810767075831168554e-02
6.770000000000001017e-02,1.681725336238741875e-01,2.801173191615625307e-02
6.779999999999999916e-02,1.678470268379896879e-01,2.806655411167364306e-02
6.790000000000000202e-02,1.701255743391811848e-01,2.802543746503560057e-02
6.800000000000000488e-02,1.691490539815276861e-01,2.804599578835462181e-02
6.810000000000000775e-02,1.688235471956431866e-01,2.807340688611331680e-02
6.819999999999999674e-02,1.711020946968346834e-01,2.805284856279429556e-02
6.829999999999999960e-02,1.701255743391811848e-01,2.801858469059592682e-02
6.840000000000000246e-02,1.727296286262571812e-01,2.800487914171657933e-02
6.850000000000000533e-02,1.717531082686036825e-01,2.799802636727690558e-02
6.860000000000000819e-02,1.701255743391811848e-01,2.797746804395788434e-02
6.869999999999999718e-02,1.688235471956431866e-01,2.798432081839755808e-02
6.880000000000000004e-02,1.711020946968346834e-01,2.808025966055299055e-02
6.890000000000000291e-02,1.711020946968346834e-01,2.802543746503560057e-02
6.900000000000000577e-02,1.707765879109501839e-01,2.804599578835462181e-02
6.910000000000000864e-02,1.688235471956431866e-01,2.804599578835462181e-02
6.919999999999999762e-02,1.691490539815276861e-01,2.806655411167364306e-02
6.930000000000000049e-02,1.642664521932601929e-01,2.799117359283723183e-02
6.940000000000000335e-02,1.665449996944516897e-01,2.803914301391494807e-02
6.950000000000000622e-02,1.675215200521051884e-01,2.808025966055299055e-02
6.960000000000000908e-02,1.665449996944516897e-01,2.813508185607038053e-02
6.969999999999999807e-02,1.652429725509136915e-01,2.811452353275135929e-02
6.980000000000000093e-02,1.652429725509136915e-01,2.810767075831168554e-02
6.990000000000000380e-02,1.639409454073756933e-01,2.804599578835462181e-02
7.000000000000000666e-02,1.655684793367981911e-01,2.808711243499266430e-02
7.010000000000000953e-02,1.681725336238741875e-01,2.812137630719103304e-02
7.019999999999999851e-02,1.675215200521051884e-01,2.822416792378613926e-02
7.030000000000000138e-02,1.694745607674121857e-01,2.804599578835462181e-02
7.040000000000000424e-02,1.649174657650291920e-01,2.804599578835462181e-02
7.050000000000000711e-02,1.655684793367981911e-01,2.808025966055299055e-02
7.060000000000000997e-02,1.658939861226826906e-01,2.809396520943233805e-02
7.069999999999999896e-02,1.655684793367981911e-01,2.816934572826874927e-02
7.080000000000000182e-02,1.662194929085671902e-01,2.810767075831168554e-02
7.090000000000000469e-02,1.629644250497221947e-01,2.808025966055299055e-02
7.100000000000000755e-02,1.626389182638376951e-01,2.814193463051005428e-02
7.109999999999999654e-02,1.616623979061841965e-01,2.811452353275135929e-02
7.119999999999999940e-02,1.616623979061841965e-01,2.813508185607038053e-02
7.130000000000000226e-02,1.632899318356066942e-01,2.819675682602744426e-02
7.140000000000000513e-02,1.665449996944516897e-01,2.815564017938940178e-02
7.150000000000000799e-02,1.632899318356066942e-01,2.814878740494972803e-02
7.159999999999999698e-02,1.613368911202996969e-01,2.809396520943233805e-02
7.169999999999999984e-02,1.629644250497221947e-01,2.816249295382907553e-02
7.180000000000000271e-02,1.639409454073756933e-01,2.820360960046711801e-02
7.190000000000000557e-02,1.662194929085671902e-01,2.813508185607038053e-02
7.200000000000000844e-02,1.678470268379896879e-01,2.820360960046711801e-02
7.209999999999999742e-02,1.662194929085671902e-01,2.810081798387201180e-02
7.220000000000000029e-02,1.684980404097586870e-01,2.808711243499266430e-02
7.230000000000000315e-02,1.694745607674121857e-01,2.807340688611331680e-02
7.240000000000000602e-02,1.662194929085671902e-01,2.799117359283723183e-02
7.250000000000000888e-02,1.655684793367981911e-01,2.799802636727690558e-02
7.259999999999999787e-02,1.652429725509136915e-01,2.798432081839755808e-02
7.270000000000000073e-02,1.691490539815276861e-01,2.807340688611331680e-02
7.280000000000000360e-02,1.694745607674121857e-01,2.807340688611331680e-02
7.290000000000000646e-02,1.701255743391811848e-01,2.805970133723396931e-02
7.300000000000000933e-02,1.694745607674121857e-01,2.804599578835462181e-02
7.309999999999999831e-02,1.724041218403726816e-01,2.806655411167364306e-02
7.320000000000000118e-02,1.691490539815276861e-01,2.802543746503560057e-02
7.330000000000000404e-02,1.694745607674121857e-01,2.803229023947527432e-02
7.340000000000000691e-02,1.655684793367981911e-01,2.800487914171657933e-02
7.350000000000000977e-02,1.645919589791446924e-01,2.805970133723396931e-02
7.359999999999999876e-02,1.681725336238741875e-01,2.808711243499266430e-02
7.370000000000000162e-02,1.701255743391811848e-01,2.812822908163070679e-02
7.380000000000000449e-02,1.678470268379896879e-01,2.809396520943233805e-02
7.390000000000000735e-02,1.714276014827191830e-01,2.803229023947527432e-02
7.400000000000001021e-02,1.645919589791446924e-01,2.805284856279429556e-02
7.409999999999999920e-02,1.681725336238741875e-01,2.809396520943233805e-02
7.420000000000000207e-02,1.691490539815276861e-01,2.805284856279429556e-02
7.430000000000000493e-02,1.681725336238741875e-01,2.803229023947527432e-02
7.440000000000000779e-02,1.675215200521051884e-01,2.801858469059592682e-02
7.449999999999999678e-02,1.671960132662206888e-01,2.802543746503560057e-02
7.459999999999999964e-02,1.668705064803361893e-01,2.805284856279429556e-02
7.470000000000000251e-02,1.701255743391811848e-01,2.802543746503560057e-02
7.480000000000000537e-02,1.724041218403726816e-01,2.802543746503560057e-02
7.490000000000000824e-02,1.701255743391811848e-01,2.803229023947527432e-02
7.499999999999999722e-02,1.714276014827191830e-01,2.802543746503560057e-02
7.510000000000000009e-02,1.704510811250656843e-01,2.801858469059592682e-02
7.520000000000000295e-02,1.707765879109501839e-01,2.799802636727690558e-02
7.530000000000000582e-02,1.691490539815276861e-01,2.799802636727690558e-02
7.540000000000000868e-02,1.707765879109501839e-01,2.801858469059592682e-02
7.549999999999999767e-02,1.694745607674121857e-01,2.804599578835462181e-02
7.560000000000000053e-02,1.704510811250656843e-01,2.804599578835462181e-02
7.570000000000000340e-02,1.691490539815276861e-01,2.803229023947527432e-02
7.580000000000000626e-02,1.678470268379896879e-01,2.804599578835462181e-02
7.590000000000000913e-02,1.688235471956431866e-01,2.798432081839755808e-02
7.599999999999999811e-02,1.691490539815276861e-01,2.801173191615625307e-02
7.610000000000000098e-02,1.704510811250656843e-01,2.803914301391494807e-02
7.620000000000000384e-02,1.665449996944516897e-01,2.799802636727690558e-02
7.630000000000000671e-02,1.688235471956431866e-01,2.806655411167364306e-02
7.640000000000000957e-02,1.704510811250656843e-01,2.805970133723396931e-02
7.649999999999999856e-02,1.717531082686036825e-01,2.799117359283723183e-02
7.660000000000000142e-02,1.698000675532966852e-01,2.799802636727690558e-02
7.670000000000000429e-02,1.701255743391811848e-01,2.801858469059592682e-02
7.680000000000000715e-02,1.707765879109501839e-01,2.803914301391494807e-02
7.690000000000001001e-02,1.671960132662206888e-01,2.801858469059592682e-02
7.699999999999999900e-02,1.681725336238741875e-01,2.800487914171657933e-02
7.710000000000000187e-02,1.724041218403726816e-01,2.798432081839755808e-02
7.720000000000000473e-02,1.691490539815276861e-01,2.799802636727690558e-02
7.730000000000000759e-02,1.714276014827191830e-01,2.802543746503560057e-02
7.740000000000001046e-02,1.727296286262571812e-01,2.800487914171657933e-02
7.749999999999999944e-02,1.698000675532966852e-01,2.800487914171657933e-02
7.760000000000000231e-02,1.684980404097586870e-01,2.793635139731984532e-02
7.770000000000000517e-02,1.694745607674121857e-01,2.799802636727690558e-02
7.780000000000000804e-02,1.668705064803361893e-01,2.810081798387201180e-02
7.789999999999999702e-02,1.681725336238741875e-01,2.802543746503560057e-02
7.799999999999999989e-02,1.681725336238741875e-01,2.801173191615625307e-02
7.810000000000000275e-02,1.701255743391811848e-01,2.802543746503560057e-02
7.820000000000000562e-02,1.714276014827191830e-01,2.801173191615625307e-02
7.830000000000000848e-02,1.698000675532966852e-01,2.805970133723396931e-02
7.839999999999999747e-02,1.698000675532966852e-01,2.801858469059592682e-02
7.850000000000000033e-02,1.701255743391811848e-01,2.801858469059592682e-02
7.860000000000000320e-02,1.698000675532966852e-01,2.799802636727690558e-02
7.870000000000000606e-02,1.714276014827191830e-01,2.794320417175951907e-02
7.880000000000000893e-02,1.691490539815276861e-01,2.799117359283723183e-02
7.889999999999999791e-02,1.684980404097586870e-01,2.802543746503560057e-02
7.900000000000000078e-02,1.694745607674121857e-01,2.806655411167364306e-02
7.910000000000000364e-02,1.691490539815276861e-01,2.802543746503560057e-02
7.920000000000000651e-02,1.724041218403726816e-01,2.803914301391494807e-02
7.930000000000000937e-02,1.701255743391811848e-01,2.807340688611331680e-02
7.939999999999999836e-02,1.711020946968346834e-01,2.801858469059592682e-02
7.950000000000000122e-02,1.704510811250656843e-01,2.802543746503560057e-02
7.960000000000000409e-02,1.694745607674121857e-01,2.800487914171657933e-02
7.970000000000000695e-02,1.688235471956431866e-01,2.804599578835462181e-02
7.980000000000000981e-02,1.681725336238741875e-01,2.805970133723396931e-02
7.989999999999999880e-02,1.694745607674121857e-01,2.799802636727690558e-02
8.000000000000000167e-02,1.720786150544881821e-01,2.802543746503560057e-02
8.010000000000000453e-02,1.652429725509136915e-01,2.814193463051005428e-02
8.020000000000000739e-02,1.632899318356066942e-01,2.805970133723396931e-02
8.030000000000001026e-02,1.671960132662206888e-01,2.810081798387201180e-02
8.039999999999999925e-02,1.639409454073756933e-01,2.819675682602744426e-02
8.050000000000000211e-02,1.684980404097586870e-01,2.804599578835462181e-02
8.060000000000000497e-02,1.711020946968346834e-01,2.805970133723396931e-02
8.070000000000000784e-02,1.678470268379896879e-01,2.801858469059592682e-02
8.080000000000001070e-02,1.684980404097586870e-01,2.801858469059592682e-02
8.089999999999999969e-02,1.694745607674121857e-01,2.805970133723396931e-02
8.100000000000000255e-02,1.737061489839106798e-01,2.796376249507854031e-02
8.110000000000000542e-02,1.694745607674121857e-01,2.803229023947527432e-02
8.120000000000000828e-02,1.655684793367981911e-01,2.808711243499266430e-02
8.129999999999999727e-02,1.691490539815276861e-01,2.811452353275135929e-02
8.140000000000000013e-02,1.698000675532966852e-01,2.797061526951821059e-02
8.150000000000000300e-02,1.694745607674121857e-01,2.791579307400082408e-02
8.160000000000000586e-02,1.724041218403726816e-01,2.803914301391494807e-02
8.170000000000000873e-02,1.707765879109501839e-01,2.809396520943233805e-02
8.179999999999999771e-02,1.645919589791446924e-01,2.807340688611331680e-02
8.190000000000000058e-02,1.658939861226826906e-01,2.805284856279429556e-02
8.200000000000000344e-02,1.701255743391811848e-01,2.799117359283723183e-02
8.210000000000000631e-02,1.733806421980261803e-01,2.801858469059592682e-02
8.220000000000000917e-02,1.720786150544881821e-01,2.795690972063886656e-02
8.229999999999999816e-02,1.701255743391811848e-01,2.795690972063886656e-02
8.240000000000000102e-02,1.678470268379896879e-01,2.799117359283723183e-02
8.250000000000000389e-02,1.698000675532966852e-01,2.804599578835462181e-02
8.260000000000000675e-02,1.678470268379896879e-01,2.810081798387201180e-02
8.270000000000000961e-02,1.668705064803361893e-01,2.805970133723396931e-02
8.279999999999999860e-02,1.707765879109501839e-01,2.805970133723396931e-02
8.290000000000000147e-02,1.691490539815276861e-01,2.808025966055299055e-02
8.300000000000000433e-02,1.678470268379896879e-01,2.812822908163070679e-02
8.310000000000000719e-02,1.753336829133331776e-01,2.803229023947527432e-02
8.320000000000001006e-02,1.717531082686036825e-01,2.788838197624212908e-02
8.329999999999999905e-02,1.639409454073756933e-01,2.802543746503560057e-02
8.340000000000000191e-02,1.707765879109501839e-01,2.797746804395788434e-02
8.350000000000000477e-02,1.707765879109501839e-01,2.796376249507854031e-02
8.360000000000000764e-02,1.714276014827191830e-01,2.807340688611331680e-02
8.370000000000001050e-02,1.606858775485306978e-01,2.819675682602744426e-02
8.379999999999999949e-02,1.671960132662206888e-01,2.819675682602744426e-02
8.390000000000000235e-02,1.684980404097586870e-01,2.814878740494972803e-02
8.400000000000000522e-02,1.668705064803361893e-01,2.809396520943233805e-02
8.410000000000000808e-02,1.639409454073756933e-01,2.810767075831168554e-02
8.420000000000001095e-02,1.645919589791446924e-01,2.802543746503560057e-02
8.429999999999999993e-02,1.658939861226826906e-01,2.810081798387201180e-02
8.440000000000000280e-02,1.645919589791446924e-01,2.814878740494972803e-02
8.450000000000000566e-02,1.675215200521051884e-01,2.806655411167364306e-02
8.460000000000000853e-02,1.649174657650291920e-01,2.812137630719103304e-02
8.469999999999999751e-02,1.694745607674121857e-01,2.806655411167364306e-02
8.480000000000000038e-02,1.665449996944516897e-01,2.814193463051005428e-02
8.490000000000000324e-02,1.658939861226826906e-01,2.808711243499266430e-02
8.500000000000000611e-02,1.688235471956431866e-01,2.808711243499266430e-02
8.510000000000000897e-02,1.645919589791446924e-01,2.807340688611331680e-02
8.519999999999999796e-02,1.629644250497221947e-01,2.810081798387201180e-02
8.530000000000000082e-02,1.662194929085671902e-01,2.813508185607038053e-02
8.540000000000000369e-02,1.652429725509136915e-01,2.810767075831168554e-02
8.550000000000000655e-02,1.600348639767616987e-01,2.813508185607038053e-02
8.560000000000000941e-02,1.671960132662206888e-01,2.806655411167364306e-02
8.569999999999999840e-02,1.642664521932601929e-01,2.812137630719103304e-02
8.580000000000000127e-02,1.649174657650291920e-01,2.805970133723396931e-02
8.590000000000000413e-02,1.665449996944516897e-01,2.810081798387201180e-02
8.600000000000000699e-02,1.652429725509136915e-01,2.803914301391494807e-02
8.610000000000000986e-02,1.665449996944516897e-01,2.804599578835462181e-02
8.619999999999999885e-02,1.655684793367981911e-01,2.812822908163070679e-02
8.630000000000000171e-02,1.675215200521051884e-01,2.810767075831168554e-02
8.640000000000000457e-02,1.639409454073756933e-01,2.808025966055299055e-02
8.650000000000000744e-02,1.665449996944516897e-01,2.814878740494972803e-02
8.660000000000001030e-02,1.632899318356066942e-01,2.816934572826874927e-02
8.669999999999999929e-02,1.645919589791446924e-01,2.815564017938940178e-02
8.680000000000000215e-02,1.623134114779531956e-01,2.818990405158777052e-02
8.690000000000000502e-02,1.642664521932601929e-01,2.810081798387201180e-02
8.700000000000000788e-02,1.639409454073756933e-01,2.811452353275135929e-02
8.710000000000001075e-02,1.645919589791446924e-01,2.813508185607038053e-02
8.719999999999999973e-02,1.665449996944516897e-01,2.816249295382907553e-02
8.730000000000000260e-02,1.629644250497221947e-01,2.810767075831168554e-02
8.740000000000000546e-02,1.665449996944516897e-01,2.808025966055299055e-02
8.750000000000000833e-02,1.662194929085671902e-01,2.811452353275135929e-02
8.759999999999999731e-02,1.655684793367981911e-01,2.803229023947527432e-02
8.770000000000000018e-02,1.707765879109501839e-01,2.801173191615625307e-02
8.780000000000000304e-02,1.688235471956431866e-01,2.797061526951821059e-02
8.790000000000000591e-02,1.668705064803361893e-01,2.800487914171657933e-02
8.800000000000000877e-02,1.737061489839106798e-01,2.792949862288017157e-02
8.809999999999999776e-02,1.688235471956431866e-01,2.799117359283723183e-02
8.820000000000000062e-02,1.658939861226826906e-01,2.799117359283723183e-02
8.830000000000000349e-02,1.678470268379896879e-01,2.810081798387201180e-02
8.840000000000000635e-02,1.707765879109501839e-01,2.797061526951821059e-02
8.850000000000000921e-02,1.668705064803361893e-01,2.806655411167364306e-02
8.859999999999999820e-02,1.691490539815276861e-01,2.797746804395788434e-02
8.870000000000000107e-02,1.675215200521051884e-01,2.799802636727690558e-02
8.880000000000000393e-02,1.711020946968346834e-01,2.798432081839755808e-02
8.890000000000000679e-02,1.704510811250656843e-01,2.807340688611331680e-02
8.900000000000000966e-02,1.671960132662206888e-01,2.797746804395788434e-02
8.909999999999999865e-02,1.724041218403726816e-01,2.801858469059592682e-02
8.920000000000000151e-02,1.743571625556796789e-01,2.799802636727690558e-02
8.930000000000000437e-02,1.707765879109501839e-01,2.801858469059592682e-02
8.940000000000000724e-02,1.727296286262571812e-01,2.799117359283723183e-02
8.950000000000001010e-02,1.714276014827191830e-01,2.801858469059592682e-02
8.959999999999999909e-02,1.671960132662206888e-01,2.790208752512147658e-02
8.970000000000000195e-02,1.678470268379896879e-01,2.810081798387201180e-02
8.980000000000000482e-02,1.701255743391811848e-01,2.799117359283723183e-02
8.990000000000000768e-02,1.724041218403726816e-01,2.795690972063886656e-02
9.000000000000001055e-02,1.733806421980261803e-01,2.797061526951821059e-02
9.009999999999999953e-02,1.740316557697951794e-01,2.793635139731984532e-02
9.020000000000000240e-02,1.678470268379896879e-01,2.793635139731984532e-02
9.030000000000000526e-02,1.688235471956431866e-01,2.799117359283723183e-02
9.040000000000000813e-02,1.707765879109501839e-01,2.803229023947527432e-02
9.050000000000001099e-02,1.714276014827191830e-01,2.801858469059592682e-02
9.059999999999999998e-02,1.662194929085671902e-01,2.795690972063886656e-02
9.070000000000000284e-02,1.665449996944516897e-01,2.804599578835462181e-02
9.080000000000000571e-02,1.681725336238741875e-01,2.807340688611331680e-02
9.090000000000000857e-02,1.694745607674121857e-01,2.798432081839755808e-02
9.099999999999999756e-02,1.720786150544881821e-01,2.797746804395788434e-02
9.110000000000000042e-02,1.753336829133331776e-01,2.798432081839755808e-02
9.120000000000000329e-02,1.691490539815276861e-01,2.790208752512147658e-02
9.130000000000000615e-02,1.720786150544881821e-01,2.799802636727690558e-02
9.140000000000000902e-02,1.701255743391811848e-01,2.801858469059592682e-02
9.149999999999999800e-02,1.746826693415641785e-01,2.789523475068180283e-02
9.160000000000000087e-02,1.707765879109501839e-01,2.788152920180245534e-02
9.170000000000000373e-02,1.707765879109501839e-01,2.797746804395788434e-02
9.180000000000000659e-02,1.684980404097586870e-01,2.807340688611331680e-02
9.190000000000000946e-02,1.724041218403726816e-01,2.795005694619919281e-02
9.199999999999999845e-02,1.727296286262571812e-01,2.801858469059592682e-02
9.210000000000000131e-02,1.694745607674121857e-01,2.799117359283723183e-02
9.220000000000000417e-02,1.707765879109501839e-01,2.793635139731984532e-02
9.230000000000000704e-02,1.698000675532966852e-01,2.808711243499266430e-02
9.240000000000000990e-02,1.688235471956431866e-01,2.804599578835462181e-02
9.249999999999999889e-02,1.720786150544881821e-01,2.799802636727690558e-02
9.260000000000000175e-02,1.684980404097586870e-01,2.792949862288017157e-02
9.270000000000000462e-02,1.707765879109501839e-01,2.795690972063886656e-02
9.280000000000000748e-02,1.678470268379896879e-01,2.803229023947527432e-02
9.290000000000001035e-02,1.701255743391811848e-01,2.805970133723396931e-02
9.299999999999999933e-02,1.704510811250656843e-01,2.804599578835462181e-02
9.310000000000000220e-02,1.724041218403726816e-01,2.799117359283723183e-02
9.320000000000000506e-02,1.727296286262571812e-01,2.803229023947527432e-02
9.330000000000000793e-02,1.730551354121416807e-01,2.794320417175951907e-02
9.340000000000001079e-02,1.750081761274486780e-01,2.792264584844049782e-02
9.349999999999999978e-02,1.737061489839106798e-01,2.795690972063886656e-02
9.360000000000000264e-02,1.665449996944516897e-01,2.795690972063886656e-02
9.370000000000000551e-02,1.658939861226826906e-01,2.799802636727690558e-02
9.380000000000000837e-02,1.688235471956431866e-01,2.797746804395788434e-02
9.390000000000001124e-02,1.707765879109501839e-01,2.795690972063886656e-02
9.400000000000000022e-02,1.698000675532966852e-01,2.800487914171657933e-02
9.410000000000000309e-02,1.711020946968346834e-01,2.802543746503560057e-02
9.420000000000000595e-02,1.681725336238741875e-01,2.805284856279429556e-02
9.430000000000000882e-02,1.701255743391811848e-01,2.803914301391494807e-02
9.439999999999999780e-02,1.701255743391811848e-01,2.803229023947527432e-02
9.450000000000000067e-02,1.740316557697951794e-01,2.801858469059592682e-02
9.460000000000000353e-02,1.714276014827191830e-01,2.805284856279429556e-02
9.470000000000000639e-02,1.691490539815276861e-01,2.797061526951821059e-02
9.480000000000000926e-02,1.701255743391811848e-01,2.800487914171657933e-02
9.489999999999999825e-02,1.688235471956431866e-01,2.805284856279429556e-02
9.500000000000000111e-02,1.694745607674121857e-01,2.803229023947527432e-02
9.510000000000000397e-02,1.704510811250656843e-01,2.805970133723396931e-02
9.520000000000000684e-02,1.694745607674121857e-01,2.803229023947527432e-02
9.530000000000000970e-02,1.698000675532966852e-01,2.800487914171657933e-02
9.539999999999999869e-02,1.727296286262571812e-01,2.800487914171657933e-02
9.550000000000000155e-02,1.707765879109501839e-01,2.799802636727690558e-02
9.560000000000000442e-02,1.694745607674121857e-01,2.799802636727690558e-02
9.570000000000000728e-02,1.681725336238741875e-01,2.803229023947527432e-02
9.580000000000001015e-02,1.675215200521051884e-01,2.807340688611331680e-02
9.589999999999999913e-02,1.688235471956431866e-01,2.803914301391494807e-02
9.600000000000000200e-02,1.688235471956431866e-01,2.810081798387201180e-02
9.610000000000000486e-02,1.714276014827191830e-01,2.800487914171657933e-02
9.620000000000000773e-02,1.701255743391811848e-01,2.802543746503560057e-02
9.630000000000001059e-02,1.720786150544881821e-01,2.800487914171657933e-02
9.639999999999999958e-02,1.707765879109501839e-01,2.797746804395788434e-02
9.650000000000000244e-02,1.707765879109501839e-01,2.809396520943233805e-02
9.660000000000000531e-02,1.652429725509136915e-01,2.801173191615625307e-02
9.670000000000000817e-02,1.681725336238741875e-01,2.801173191615625307e-02
9.680000000000001104e-02,1.704510811250656843e-01,2.800487914171657933e-02
9.690000000000000002e-02,1.701255743391811848e-01,2.799802636727690558e-02
9.700000000000000289e-02,1.717531082686036825e-01,2.801173191615625307e-02
9.710000000000000575e-02,1.698000675532966852e-01,2.810081798387201180e-02
9.720000000000000862e-02,1.704510811250656843e-01,2.804599578835462181e-02
9.730000000000001148e-02,1.691490539815276861e-01,2.799802636727690558e-02
9.740000000000000047e-02,1.681725336238741875e-01,2.805970133723396931e-02
9.750000000000000333e-02,1.701255743391811848e-01,2.802543746503560057e-02
9.760000000000000620e-02,1.698000675532966852e-01,2.801858469059592682e-02
9.770000000000000906e-02,1.750081761274486780e-01,2.800487914171657933e-02
9.779999999999999805e-02,1.694745607674121857e-01,2.801173191615625307e-02
9.790000000000000091e-02,1.711020946968346834e-01,2.803229023947527432e-02
9.800000000000000377e-02,1.688235471956431866e-01,2.804599578835462181e-02
9.810000000000000664e-02,1.720786150544881821e-01,2.797061526951821059e-02
9.820000000000000950e-02,1.688235471956431866e-01,2.803229023947527432e-02
9.829999999999999849e-02,1.701255743391811848e-01,2.803229023947527432e-02
9.840000000000000135e-02,1.701255743391811848e-01,2.801858469059592682e-02
9.850000000000000422e-02,1.701255743391811848e-01,2.803914301391494807e-02
9.860000000000000708e-02,1.711020946968346834e-01,2.804599578835462181e-02
9.870000000000000995e-02,1.688235471956431866e-01,2.799117359283723183e-02
9.879999999999999893e-02,1.737061489839106798e-01,2.803914301391494807e-02
9.890000000000000180e-02,1.671960132662206888e-01,2.806655411167364306e-02
9.900000000000000466e-02,1.698000675532966852e-01,2.804599578835462181e-02
9.910000000000000753e-02,1.639409454073756933e-01,2.802543746503560057e-02
9.920000000000001039e-02,1.694745607674121857e-01,2.806655411167364306e-02
9.929999999999999938e-02,1.694745607674121857e-01,2.808025966055299055e-02
9.940000000000000224e-02,1.701255743391811848e-01,2.803229023947527432e-02
9.950000000000000511e-02,1.688235471956431866e-01,2.799802636727690558e-02
9.960000000000000797e-02,1.665449996944516897e-01,2.805970133723396931e-02
9.970000000000001084e-02,1.684980404097586870e-01,2.801858469059592682e-02
9.979999999999999982e-02,1.668705064803361893e-01,2.805284856279429556e-02
9.990000000000000269e-02,1.668705064803361893e-01,2.805284856279429556e-02
