0.000000000000000000e+00,-1.780962100252509117e+00,-1.346125899274882437e-02
1.000000000000000048e-04,-2.030300298240035772e+00,-9.719644148686997984e-03
2.000000000000000096e-04,-2.113630035426467657e+00,-7.992744989889232626e-03
3.000000000000000279e-04,-2.145529700443148613e+00,-7.396553613637622641e-03
4.000000000000000192e-04,-2.155294904019683599e+00,-7.334878643680559779e-03
5.000000000000000104e-04,-2.201191360829398036e+00,-6.272698605531140149e-03
6.000000000000000559e-04,-2.195983252255246043e+00,-6.169906988936035667e-03
6.999999999999999929e-04,-2.211933084763586521e+00,-6.094526470099624442e-03
8.000000000000000383e-04,-2.223325822269544005e+00,-5.943765432426803726e-03
9.000000000000000838e-04,-2.217141193337738514e+00,-5.745034973676267642e-03
1.000000000000000021e-03,-2.245134776923805475e+00,-5.628537808201814797e-03
1.100000000000000066e-03,-2.242856229422613978e+00,-5.443512898330625342e-03
1.200000000000000112e-03,-2.254248966928571463e+00,-5.368132379494214984e-03
1.300000000000000157e-03,-2.250017378712072968e+00,-5.052904755269226056e-03
1.399999999999999986e-03,-2.266292718006297946e+00,-5.196813018502373024e-03
1.500000000000000031e-03,-2.267594745149835944e+00,-5.224224116261068016e-03
1.600000000000000077e-03,-2.260433595860376954e+00,-4.874732619837710348e-03
1.700000000000000122e-03,-2.269547785865142941e+00,-5.039199206389878560e-03
1.800000000000000168e-03,-2.263688663719221950e+00,-4.840468747639342477e-03
1.899999999999999996e-03,-2.272802853723987937e+00,-4.895290943156731592e-03
2.000000000000000042e-03,-2.284195591229945421e+00,-4.792499326561626243e-03
2.100000000000000304e-03,-2.272477346938103437e+00,-4.586916093371416411e-03
2.200000000000000133e-03,-2.296564849093556404e+00,-4.655443837768153022e-03
2.299999999999999961e-03,-2.287125152302905917e+00,-4.456713379017616938e-03
2.400000000000000223e-03,-2.291356740519404411e+00,-4.196307950310017125e-03
2.500000000000000052e-03,-2.299819916952401400e+00,-4.381332860181206580e-03
2.600000000000000314e-03,-2.286148631945252419e+00,-4.155191303671974638e-03
2.700000000000000143e-03,-2.303725998383015394e+00,-4.271688469146427483e-03
2.799999999999999972e-03,-2.291682247305288911e+00,-4.168896852551322134e-03
2.900000000000000234e-03,-2.311538161244243383e+00,-4.278541243586101231e-03
3.000000000000000062e-03,-2.302423971239477396e+00,-4.107221882594259271e-03
3.100000000000000325e-03,-2.311863668030127883e+00,-4.072958010395890532e-03
3.200000000000000153e-03,-2.298843396594747901e+00,-4.168896852551322134e-03
3.299999999999999982e-03,-2.314793229103088379e+00,-4.210013499189364621e-03
3.400000000000000244e-03,-2.307632079813629389e+00,-3.901638649404049006e-03
3.500000000000000073e-03,-2.306330052670091391e+00,-3.949608070481764807e-03
3.600000000000000335e-03,-2.309910627314820886e+00,-4.045546912637196409e-03
3.700000000000000164e-03,-2.300470930524170399e+00,-4.155191303671974638e-03
3.799999999999999992e-03,-2.317722790176048875e+00,-4.004430265999153922e-03
3.900000000000000255e-03,-2.305353532312437892e+00,-4.223719048068711249e-03
4.000000000000000083e-03,-2.308934106957167387e+00,-3.881080326085027763e-03
4.100000000000000346e-03,-2.299494410166516900e+00,-3.874227551645354015e-03
4.200000000000000608e-03,-2.316420763032510877e+00,-4.052399687076870156e-03
4.300000000000000003e-03,-2.312840188387781382e+00,-4.114074657033933019e-03
4.400000000000000265e-03,-2.308934106957167387e+00,-3.990724717119806426e-03
4.500000000000000527e-03,-2.304051505168899894e+00,-3.983871942680132679e-03
4.599999999999999922e-03,-2.310236134100705385e+00,-4.141485754792627143e-03
4.700000000000000185e-03,-2.311538161244243383e+00,-4.114074657033933019e-03
4.800000000000000447e-03,-2.301447450881823897e+00,-3.723466513972533299e-03
4.899999999999999842e-03,-2.306330052670091391e+00,-3.798847032808943657e-03
5.000000000000000104e-03,-2.310887147672474384e+00,-3.970166393800786050e-03
5.100000000000000366e-03,-2.312189174816012383e+00,-4.052399687076870156e-03
5.200000000000000629e-03,-2.315444242674857378e+00,-3.435649987506238928e-03
5.300000000000000024e-03,-2.328464514110237360e+00,-3.915344198283396068e-03
5.400000000000000286e-03,-2.317071776604279876e+00,-3.600116574058407140e-03
5.500000000000000548e-03,-2.309585120528936386e+00,-3.750877611731228290e-03
5.599999999999999943e-03,-2.312514681601896882e+00,-4.018135814878501418e-03
5.700000000000000205e-03,-2.302423971239477396e+00,-4.086663559275238028e-03
5.800000000000000468e-03,-2.308283093385398388e+00,-4.059252461516543037e-03
5.899999999999999863e-03,-2.308934106957167387e+00,-3.887933100524701511e-03
6.000000000000000125e-03,-2.327813500538468361e+00,-3.853669228326333206e-03
6.100000000000000387e-03,-2.304051505168899894e+00,-3.826258130567638648e-03
6.200000000000000649e-03,-2.320326844463124871e+00,-4.107221882594259271e-03
6.300000000000000044e-03,-2.308934106957167387e+00,-3.901638649404049006e-03
6.400000000000000307e-03,-2.313165695173665881e+00,-3.661791544015470436e-03
6.500000000000000569e-03,-2.297541369451209903e+00,-3.935902521602417312e-03
6.599999999999999964e-03,-2.324232925893738866e+00,-3.874227551645354015e-03
6.700000000000000226e-03,-2.309585120528936386e+00,-4.004430265999153922e-03
6.800000000000000488e-03,-2.308283093385398388e+00,-3.648085995136122941e-03
6.900000000000000751e-03,-2.322930898750200868e+00,-4.024988589318175165e-03
7.000000000000000146e-03,-2.322605391964316368e+00,-3.593263799618733392e-03
7.100000000000000408e-03,-2.322605391964316368e+00,-3.997577491559480174e-03
7.200000000000000670e-03,-2.314142215531319380e+00,-4.038694138197522661e-03
7.300000000000000065e-03,-2.308283093385398388e+00,-3.956460844921438555e-03
7.400000000000000328e-03,-2.282242550514638424e+00,-4.353921762422511589e-03
7.500000000000000590e-03,-2.303074984811246395e+00,-4.134632980352954262e-03
7.599999999999999985e-03,-2.317397283390164375e+00,-3.970166393800786050e-03
7.700000000000000247e-03,-2.304702518740668893e+00,-3.915344198283396068e-03
7.800000000000000509e-03,-2.313165695173665881e+00,-4.079810784835564280e-03
7.900000000000000772e-03,-2.306981066241860390e+00,-4.093516333714911776e-03
8.000000000000000167e-03,-2.312189174816012383e+00,-4.079810784835564280e-03
8.099999999999999561e-03,-2.310236134100705385e+00,-3.963313619361112303e-03
8.200000000000000691e-03,-2.310561640886589885e+00,-4.079810784835564280e-03
8.300000000000000086e-03,-2.313491201959550381e+00,-4.100369108154585523e-03
8.400000000000001216e-03,-2.312189174816012383e+00,-3.798847032808943657e-03
8.500000000000000611e-03,-2.316095256246626377e+00,-4.066105235956216785e-03
8.600000000000000006e-03,-2.325860459823161364e+00,-3.613822122937754636e-03
8.700000000000001135e-03,-2.335625663399696350e+00,-3.517883280782323034e-03
8.800000000000000530e-03,-2.329115527682006359e+00,-3.661791544015470436e-03
8.899999999999999925e-03,-2.326511473394930363e+00,-3.654938769575796689e-03
9.000000000000001055e-03,-2.307632079813629389e+00,-3.812552581688291153e-03
9.100000000000000450e-03,-2.317397283390164375e+00,-3.901638649404049006e-03
9.199999999999999845e-03,-2.321954378392547369e+00,-3.634380446256775445e-03
9.300000000000000974e-03,-2.315444242674857378e+00,-3.812552581688291153e-03
9.400000000000000369e-03,-2.325860459823161364e+00,-3.915344198283396068e-03
9.499999999999999764e-03,-2.322930898750200868e+00,-3.668644318455144184e-03
9.600000000000000894e-03,-2.340182758402079344e+00,-3.312300047592112769e-03
9.700000000000000289e-03,-2.344739853404462337e+00,-3.312300047592112769e-03
9.799999999999999684e-03,-2.336927690543234348e+00,-3.490472183023628477e-03
9.900000000000000813e-03,-2.330417554825544357e+00,-3.723466513972533299e-03
1.000000000000000021e-02,-2.339531744830310345e+00,-3.469913859704607233e-03
1.010000000000000134e-02,-2.338229717686772346e+00,-3.600116574058407140e-03
1.020000000000000073e-02,-2.340182758402079344e+00,-3.511030506342649286e-03
1.030000000000000013e-02,-2.342786812689155340e+00,-3.387680566428523127e-03
1.040000000000000126e-02,-2.331719581969082355e+00,-3.661791544015470436e-03
1.050000000000000065e-02,-2.331068568397313356e+00,-3.531588829661670530e-03
1.060000000000000005e-02,-2.333998129470273852e+00,-3.648085995136122941e-03
1.070000000000000118e-02,-2.323256405536085367e+00,-3.545294378541018025e-03
1.080000000000000057e-02,-2.339206238044425845e+00,-3.305447273152439022e-03
1.089999999999999997e-02,-2.346041880548000336e+00,-3.134127912160597496e-03
1.100000000000000110e-02,-2.349296948406845331e+00,-3.408238889747544371e-03
1.110000000000000049e-02,-2.341810292331501842e+00,-3.161539009919292053e-03
1.119999999999999989e-02,-2.332696102326735854e+00,-3.641233220696449193e-03
1.130000000000000102e-02,-2.344414346618577838e+00,-3.620674897377428383e-03
1.140000000000000041e-02,-2.339531744830310345e+00,-3.401386115307870623e-03
1.149999999999999981e-02,-2.334974649827927351e+00,-3.565852701860038835e-03
1.160000000000000094e-02,-2.352877523051574826e+00,-3.380827791988849813e-03
1.170000000000000033e-02,-2.344414346618577838e+00,-3.065600167763860451e-03
1.179999999999999973e-02,-2.350273468764498830e+00,-3.723466513972533299e-03
1.190000000000000085e-02,-2.334649143042042851e+00,-3.415091664187218119e-03
1.200000000000000025e-02,-2.342135799117386341e+00,-3.127275137720923748e-03
1.210000000000000138e-02,-2.352877523051574826e+00,-3.442502761945912676e-03
1.220000000000000077e-02,-2.338229717686772346e+00,-3.408238889747544371e-03
1.230000000000000017e-02,-2.340508265187963843e+00,-3.038189070005165894e-03
1.240000000000000130e-02,-2.349296948406845331e+00,-3.579558250739386330e-03
1.250000000000000069e-02,-2.333998129470273852e+00,-3.298594498712765707e-03
1.260000000000000009e-02,-2.343763333046808839e+00,-3.051894618884513390e-03
1.270000000000000122e-02,-2.342135799117386341e+00,-3.195802882117660358e-03
1.280000000000000061e-02,-2.343112319475039840e+00,-3.202655656557334106e-03
1.290000000000000001e-02,-2.365572287701070309e+00,-3.504177731902975972e-03
1.300000000000000114e-02,-2.340508265187963843e+00,-3.442502761945912676e-03
1.310000000000000053e-02,-2.339857251616194844e+00,-3.421944438626891866e-03
1.319999999999999993e-02,-2.355807084124535322e+00,-3.600116574058407140e-03
1.330000000000000106e-02,-2.331068568397313356e+00,-3.675497092894817498e-03
1.340000000000000045e-02,-2.333998129470273852e+00,-3.380827791988849813e-03
1.349999999999999985e-02,-2.355807084124535322e+00,-3.394533340868196875e-03
1.360000000000000098e-02,-2.338555224472656846e+00,-3.175244558798639549e-03
1.370000000000000037e-02,-2.347018400905653834e+00,-3.442502761945912676e-03
1.380000000000000150e-02,-2.348645934835076332e+00,-3.469913859704607233e-03
1.390000000000000090e-02,-2.344414346618577838e+00,-3.326005596471460265e-03
1.400000000000000029e-02,-2.322930898750200868e+00,-3.305447273152439022e-03
1.410000000000000142e-02,-2.354179550195112824e+00,-3.531588829661670530e-03
1.420000000000000082e-02,-2.336927690543234348e+00,-3.456208310825260172e-03
1.430000000000000021e-02,-2.342135799117386341e+00,-2.955955776729081788e-03
1.440000000000000134e-02,-2.348645934835076332e+00,-3.394533340868196875e-03
1.450000000000000074e-02,-2.329441034467890859e+00,-3.483619408583954729e-03
1.460000000000000013e-02,-2.344414346618577838e+00,-3.565852701860038835e-03
1.470000000000000126e-02,-2.331719581969082355e+00,-3.490472183023628477e-03
1.480000000000000066e-02,-2.342135799117386341e+00,-3.305447273152439022e-03
1.490000000000000005e-02,-2.337904210900887847e+00,-3.723466513972533299e-03
1.500000000000000118e-02,-2.321303364820778370e+00,-3.476766634144280981e-03
1.510000000000000057e-02,-2.337904210900887847e+00,-3.531588829661670530e-03
1.519999999999999997e-02,-2.337904210900887847e+00,-3.380827791988849813e-03
1.530000000000000110e-02,-2.341159278759732842e+00,-3.243772303195376159e-03
1.540000000000000049e-02,-2.349947961978614330e+00,-3.620674897377428383e-03
1.549999999999999989e-02,-2.331719581969082355e+00,-3.463061085264933919e-03
1.560000000000000102e-02,-2.337253197329118848e+00,-3.209508430997007854e-03
1.570000000000000215e-02,-2.347018400905653834e+00,-3.511030506342649286e-03
1.580000000000000154e-02,-2.335300156613811851e+00,-3.257477852074723654e-03
1.590000000000000094e-02,-2.346041880548000336e+00,-3.839963679446985710e-03
1.600000000000000033e-02,-2.320652351249009371e+00,-3.716613739532859551e-03
1.609999999999999973e-02,-2.331068568397313356e+00,-3.428797213066565180e-03
1.619999999999999912e-02,-2.347994921263307333e+00,-3.552147152980691339e-03
1.630000000000000199e-02,-2.333672622684389353e+00,-3.511030506342649286e-03
1.640000000000000138e-02,-2.343763333046808839e+00,-3.093011265522555443e-03
1.650000000000000078e-02,-2.350924482336267829e+00,-3.339711145350807760e-03
1.660000000000000017e-02,-2.351249989122152328e+00,-2.846311385694303125e-03
1.669999999999999957e-02,-2.365897794486954808e+00,-3.120422363281250000e-03
1.680000000000000243e-02,-2.347018400905653834e+00,-3.188950107677986610e-03
1.690000000000000183e-02,-2.352552016265690327e+00,-2.942250227849734293e-03
1.700000000000000122e-02,-2.354830563766881824e+00,-3.202655656557334106e-03
1.710000000000000062e-02,-2.354830563766881824e+00,-3.003925197806797589e-03
1.720000000000000001e-02,-2.368176341988146305e+00,-2.969661325608429284e-03
1.729999999999999941e-02,-2.355156070552766323e+00,-2.942250227849734293e-03
1.740000000000000227e-02,-2.370780396275222301e+00,-3.175244558798639549e-03
1.750000000000000167e-02,-2.355156070552766323e+00,-2.942250227849734293e-03
1.760000000000000106e-02,-2.361666206270456314e+00,-3.188950107677986610e-03
1.770000000000000046e-02,-2.366874314844608307e+00,-2.983366874487776346e-03
1.779999999999999985e-02,-2.357434618053957820e+00,-2.907986355651365987e-03
1.789999999999999925e-02,-2.358085631625726819e+00,-3.024483521125818399e-03
1.800000000000000211e-02,-2.357760124839842319e+00,-3.099864039962229190e-03
1.810000000000000150e-02,-2.357760124839842319e+00,-2.962808551168755536e-03
1.820000000000000090e-02,-2.347994921263307333e+00,-3.093011265522555443e-03
1.830000000000000029e-02,-2.356132590910419822e+00,-3.099864039962229190e-03
1.839999999999999969e-02,-2.360364179126918316e+00,-2.969661325608429284e-03
1.850000000000000255e-02,-2.359387658769264817e+00,-2.935397453410060978e-03
1.860000000000000195e-02,-2.359062151983380318e+00,-3.134127912160597496e-03
1.870000000000000134e-02,-2.350273468764498830e+00,-3.202655656557334106e-03
1.880000000000000074e-02,-2.360689685912802815e+00,-3.086158491082881695e-03
1.890000000000000013e-02,-2.352877523051574826e+00,-2.955955776729081788e-03
1.899999999999999953e-02,-2.358736645197495818e+00,-3.127275137720923748e-03
1.910000000000000239e-02,-2.352226509479805827e+00,-3.154686235479618305e-03
1.920000000000000179e-02,-2.351575495908036828e+00,-3.216361205436681601e-03
1.930000000000000118e-02,-2.351249989122152328e+00,-3.346563919790481074e-03
1.940000000000000058e-02,-2.347343907691538334e+00,-3.257477852074723654e-03
1.949999999999999997e-02,-2.349947961978614330e+00,-3.271183400954070716e-03
1.959999999999999937e-02,-2.344414346618577838e+00,-3.209508430997007854e-03
1.970000000000000223e-02,-2.347994921263307333e+00,-3.202655656557334106e-03
1.980000000000000163e-02,-2.337904210900887847e+00,-3.312300047592112769e-03
1.990000000000000102e-02,-2.334323636256158352e+00,-3.476766634144280981e-03
2.000000000000000042e-02,-2.350598975550383329e+00,-3.346563919790481074e-03
2.009999999999999981e-02,-2.348645934835076332e+00,-3.298594498712765707e-03
2.020000000000000268e-02,-2.342786812689155340e+00,-3.339711145350807760e-03
2.030000000000000207e-02,-2.342786812689155340e+00,-3.216361205436681601e-03
2.040000000000000147e-02,-2.342786812689155340e+00,-3.476766634144280981e-03
2.050000000000000086e-02,-2.351575495908036828e+00,-3.428797213066565180e-03
2.060000000000000026e-02,-2.349622455192729831e+00,-3.243772303195376159e-03
2.069999999999999965e-02,-2.340508265187963843e+00,-3.456208310825260172e-03
2.080000000000000251e-02,-2.354179550195112824e+00,-3.236919528755702411e-03
2.090000000000000191e-02,-2.346367387333884835e+00,-3.113569588841576252e-03
2.100000000000000130e-02,-2.348971441620960832e+00,-3.401386115307870623e-03
2.110000000000000070e-02,-2.349622455192729831e+00,-3.058747393324187137e-03
2.120000000000000009e-02,-2.361991713056340814e+00,-3.264330626514396969e-03
2.129999999999999949e-02,-2.340182758402079344e+00,-3.120422363281250000e-03
2.140000000000000235e-02,-2.342786812689155340e+00,-3.209508430997007854e-03
2.150000000000000175e-02,-2.353203029837459326e+00,-3.195802882117660358e-03
2.160000000000000114e-02,-2.343437826260924339e+00,-3.147833461039944557e-03
2.170000000000000054e-02,-2.353528536623343825e+00,-3.147833461039944557e-03
2.179999999999999993e-02,-2.348320428049191833e+00,-3.003925197806797589e-03
2.189999999999999933e-02,-2.354830563766881824e+00,-3.202655656557334106e-03
2.200000000000000219e-02,-2.355807084124535322e+00,-3.223213979876354916e-03
2.210000000000000159e-02,-2.349947961978614330e+00,-2.921691904530713483e-03
2.220000000000000098e-02,-2.357760124839842319e+00,-3.463061085264933919e-03
2.230000000000000038e-02,-2.340182758402079344e+00,-3.113569588841576252e-03
2.239999999999999977e-02,-2.350598975550383329e+00,-2.901133581211692240e-03
2.250000000000000264e-02,-2.348971441620960832e+00,-3.010777972246471337e-03
2.260000000000000203e-02,-2.322930898750200868e+00,-3.079305716643207947e-03
2.270000000000000143e-02,-2.347669414477422833e+00,-3.099864039962229190e-03
2.280000000000000082e-02,-2.342786812689155340e+00,-3.223213979876354916e-03
2.290000000000000022e-02,-2.357109111268073320e+00,-3.360269468669828570e-03
2.299999999999999961e-02,-2.336927690543234348e+00,-3.127275137720923748e-03
2.310000000000000248e-02,-2.352552016265690327e+00,-3.476766634144280981e-03
2.320000000000000187e-02,-2.337904210900887847e+00,-3.093011265522555443e-03
2.330000000000000127e-02,-2.358411138411611319e+00,-3.216361205436681601e-03
2.340000000000000066e-02,-2.340508265187963843e+00,-3.497324957463302224e-03
2.350000000000000006e-02,-2.346041880548000336e+00,-3.428797213066565180e-03
2.359999999999999945e-02,-2.337904210900887847e+00,-3.250625077635049907e-03
2.370000000000000231e-02,-2.346041880548000336e+00,-3.394533340868196875e-03
2.380000000000000171e-02,-2.341484785545617342e+00,-3.538441604101344277e-03
2.390000000000000110e-02,-2.338229717686772346e+00,-3.161539009919292053e-03
2.400000000000000050e-02,-2.337578704115003347e+00,-3.367122243109502318e-03
2.409999999999999989e-02,-2.347669414477422833e+00,-3.031336295565492146e-03
2.420000000000000276e-02,-2.357109111268073320e+00,-3.408238889747544371e-03
2.430000000000000215e-02,-2.339206238044425845e+00,-3.045041844444839642e-03
2.440000000000000155e-02,-2.357109111268073320e+00,-3.278036175393744464e-03
2.450000000000000094e-02,-2.342135799117386341e+00,-3.099864039962229190e-03
2.460000000000000034e-02,-2.348645934835076332e+00,-3.298594498712765707e-03
2.469999999999999973e-02,-2.357109111268073320e+00,-2.976514100048103031e-03
2.480000000000000260e-02,-2.362968233413994312e+00,-3.120422363281250000e-03
2.490000000000000199e-02,-2.355807084124535322e+00,-2.894280806772018926e-03
2.500000000000000139e-02,-2.363944753771647811e+00,-3.079305716643207947e-03
2.510000000000000078e-02,-2.350924482336267829e+00,-2.990219648927450093e-03
2.520000000000000018e-02,-2.355156070552766323e+00,-3.038189070005165894e-03
2.529999999999999957e-02,-2.360364179126918316e+00,-3.010777972246471337e-03
2.540000000000000244e-02,-2.357109111268073320e+00,-2.942250227849734293e-03
2.550000000000000183e-02,-2.363944753771647811e+00,-2.935397453410060978e-03
2.560000000000000123e-02,-2.356783604482188821e+00,-2.764078092418219019e-03
2.570000000000000062e-02,-2.372407930204644799e+00,-2.990219648927450093e-03
2.580000000000000002e-02,-2.355481577338650823e+00,-2.709255896900829470e-03
2.590000000000000288e-02,-2.366548808058723807e+00,-3.182097333238312863e-03
2.600000000000000228e-02,-2.348971441620960832e+00,-3.038189070005165894e-03
2.610000000000000167e-02,-2.358736645197495818e+00,-2.907986355651365987e-03
2.620000000000000107e-02,-2.362968233413994312e+00,-2.949103002289408040e-03
2.630000000000000046e-02,-2.345716373762115836e+00,-3.168391784358965801e-03
2.639999999999999986e-02,-2.356783604482188821e+00,-3.428797213066565180e-03
2.650000000000000272e-02,-2.357760124839842319e+00,-3.367122243109502318e-03
2.660000000000000211e-02,-2.346692894119769335e+00,-3.024483521125818399e-03
2.670000000000000151e-02,-2.361015192698687315e+00,-3.332858370911134013e-03
2.680000000000000090e-02,-2.352877523051574826e+00,-2.907986355651365987e-03
2.690000000000000030e-02,-2.363944753771647811e+00,-2.969661325608429284e-03
2.699999999999999969e-02,-2.363944753771647811e+00,-2.955955776729081788e-03
2.710000000000000256e-02,-2.372082423418760300e+00,-3.038189070005165894e-03
2.720000000000000195e-02,-2.353854043409228325e+00,-3.045041844444839642e-03
2.730000000000000135e-02,-2.359713165555149317e+00,-3.387680566428523127e-03
2.740000000000000074e-02,-2.344414346618577838e+00,-3.230066754316028663e-03
2.750000000000000014e-02,-2.348971441620960832e+00,-3.305447273152439022e-03
2.760000000000000300e-02,-2.347018400905653834e+00,-3.216361205436681601e-03
2.770000000000000240e-02,-2.349947961978614330e+00,-3.305447273152439022e-03
2.780000000000000179e-02,-2.343763333046808839e+00,-3.188950107677986610e-03
2.790000000000000119e-02,-2.346041880548000336e+00,-3.188950107677986610e-03
2.800000000000000058e-02,-2.357109111268073320e+00,-3.113569588841576252e-03
2.809999999999999998e-02,-2.357760124839842319e+00,-3.182097333238312863e-03
2.820000000000000284e-02,-2.354505056980997324e+00,-3.195802882117660358e-03
2.830000000000000224e-02,-2.351249989122152328e+00,-3.367122243109502318e-03
2.840000000000000163e-02,-2.350924482336267829e+00,-3.147833461039944557e-03
2.850000000000000103e-02,-2.346692894119769335e+00,-3.182097333238312863e-03
2.860000000000000042e-02,-2.357109111268073320e+00,-3.106716814401902504e-03
2.869999999999999982e-02,-2.358736645197495818e+00,-2.997072423367123841e-03
2.880000000000000268e-02,-2.345065360190346837e+00,-3.284888949833418212e-03
2.890000000000000208e-02,-2.353854043409228325e+00,-2.955955776729081788e-03
2.900000000000000147e-02,-2.351249989122152328e+00,-3.312300047592112769e-03
2.910000000000000087e-02,-2.346692894119769335e+00,-3.401386115307870623e-03
2.920000000000000026e-02,-2.336927690543234348e+00,-3.195802882117660358e-03
2.930000000000000313e-02,-2.353528536623343825e+00,-3.216361205436681601e-03
2.940000000000000252e-02,-2.357434618053957820e+00,-3.188950107677986610e-03
2.950000000000000192e-02,-2.350924482336267829e+00,-3.278036175393744464e-03
2.960000000000000131e-02,-2.356783604482188821e+00,-3.072452942203534199e-03
2.970000000000000070e-02,-2.353528536623343825e+00,-3.264330626514396969e-03
2.980000000000000010e-02,-2.343437826260924339e+00,-3.257477852074723654e-03
2.990000000000000296e-02,-2.347994921263307333e+00,-3.134127912160597496e-03
3.000000000000000236e-02,-2.355156070552766323e+00,-3.332858370911134013e-03
3.010000000000000175e-02,-2.346041880548000336e+00,-3.278036175393744464e-03
3.020000000000000115e-02,-2.341159278759732842e+00,-3.202655656557334106e-03
3.030000000000000054e-02,-2.354830563766881824e+00,-3.243772303195376159e-03
3.039999999999999994e-02,-2.349296948406845331e+00,-3.264330626514396969e-03
3.050000000000000280e-02,-2.352552016265690327e+00,-3.552147152980691339e-03
3.060000000000000220e-02,-2.343437826260924339e+00,-3.517883280782323034e-03
3.070000000000000159e-02,-2.333347115898504853e+00,-3.408238889747544371e-03
3.080000000000000099e-02,-2.344414346618577838e+00,-3.401386115307870623e-03
3.090000000000000038e-02,-2.343763333046808839e+00,-3.367122243109502318e-03
3.099999999999999978e-02,-2.344088839832693338e+00,-3.367122243109502318e-03
3.110000000000000264e-02,-2.351575495908036828e+00,-3.264330626514396969e-03
3.120000000000000204e-02,-2.347994921263307333e+00,-3.147833461039944557e-03
3.130000000000000143e-02,-2.348320428049191833e+00,-3.415091664187218119e-03
3.140000000000000430e-02,-2.344088839832693338e+00,-3.442502761945912676e-03
3.150000000000000022e-02,-2.320977858034893870e+00,-3.380827791988849813e-03
3.160000000000000309e-02,-2.343112319475039840e+00,-3.798847032808943657e-03
3.169999999999999901e-02,-2.334649143042042851e+00,-3.456208310825260172e-03
3.180000000000000188e-02,-2.348645934835076332e+00,-3.236919528755702411e-03
3.190000000000000474e-02,-2.361340699484571815e+00,-3.312300047592112769e-03
3.200000000000000067e-02,-2.350598975550383329e+00,-3.038189070005165894e-03
3.210000000000000353e-02,-2.349622455192729831e+00,-3.387680566428523127e-03
3.219999999999999946e-02,-2.359713165555149317e+00,-3.161539009919292053e-03
3.230000000000000232e-02,-2.353854043409228325e+00,-2.805194739056261072e-03
3.239999999999999825e-02,-2.361340699484571815e+00,-3.243772303195376159e-03
3.250000000000000111e-02,-2.357434618053957820e+00,-2.887428032332345178e-03
3.260000000000000397e-02,-2.359062151983380318e+00,-2.770930866857892767e-03
3.269999999999999990e-02,-2.361340699484571815e+00,-2.832605836814955629e-03
3.280000000000000276e-02,-2.357760124839842319e+00,-3.003925197806797589e-03
3.289999999999999869e-02,-2.371431409846991301e+00,-2.935397453410060978e-03
3.300000000000000155e-02,-2.358085631625726819e+00,-2.764078092418219019e-03
3.310000000000000442e-02,-2.366548808058723807e+00,-3.243772303195376159e-03
3.320000000000000034e-02,-2.355481577338650823e+00,-2.949103002289408040e-03
3.330000000000000321e-02,-2.355481577338650823e+00,-2.921691904530713483e-03
3.339999999999999913e-02,-2.367199821630492806e+00,-3.257477852074723654e-03
3.350000000000000200e-02,-2.354830563766881824e+00,-2.887428032332345178e-03
3.360000000000000486e-02,-2.368827355559915304e+00,-3.209508430997007854e-03
3.370000000000000079e-02,-2.354830563766881824e+00,-2.798341964616587324e-03
3.380000000000000365e-02,-2.357760124839842319e+00,-3.038189070005165894e-03
3.389999999999999958e-02,-2.354505056980997324e+00,-2.757225317978545271e-03
3.400000000000000244e-02,-2.374686477705836296e+00,-2.880575257892671430e-03
3.409999999999999837e-02,-2.360038672341033816e+00,-2.846311385694303125e-03
3.420000000000000123e-02,-2.371105903061106801e+00,-2.983366874487776346e-03
3.430000000000000410e-02,-2.349622455192729831e+00,-2.784636415737239828e-03
3.440000000000000002e-02,-2.368176341988146305e+00,-3.134127912160597496e-03
3.450000000000000289e-02,-2.352226509479805827e+00,-2.983366874487776346e-03
3.459999999999999881e-02,-2.367199821630492806e+00,-3.161539009919292053e-03
3.470000000000000168e-02,-2.371431409846991301e+00,-3.127275137720923748e-03
3.480000000000000454e-02,-2.345065360190346837e+00,-2.949103002289408040e-03
3.490000000000000047e-02,-2.361340699484571815e+00,-2.832605836814955629e-03
3.500000000000000333e-02,-2.366874314844608307e+00,-2.928544678970387231e-03
3.509999999999999926e-02,-2.357109111268073320e+00,-2.832605836814955629e-03
3.520000000000000212e-02,-2.364921274129301310e+00,-3.010777972246471337e-03
3.530000000000000498e-02,-2.363293740199878812e+00,-3.065600167763860451e-03
3.540000000000000091e-02,-2.365246780915185809e+00,-2.791489190176913576e-03
3.550000000000000377e-02,-2.377290531992912292e+00,-2.894280806772018926e-03
3.559999999999999970e-02,-2.366548808058723807e+00,-2.702403122461155723e-03
3.570000000000000256e-02,-2.371431409846991301e+00,-2.846311385694303125e-03
3.579999999999999849e-02,-2.373384450562298298e+00,-2.764078092418219019e-03
3.590000000000000135e-02,-2.357109111268073320e+00,-2.935397453410060978e-03
3.600000000000000422e-02,-2.367199821630492806e+00,-2.757225317978545271e-03
3.610000000000000014e-02,-2.375988504849374294e+00,-2.949103002289408040e-03
3.620000000000000301e-02,-2.364921274129301310e+00,-2.647580926943766608e-03
3.629999999999999893e-02,-2.373058943776413798e+00,-2.955955776729081788e-03
3.640000000000000180e-02,-2.367199821630492806e+00,-2.887428032332345178e-03
3.650000000000000466e-02,-2.371105903061106801e+00,-2.901133581211692240e-03
3.660000000000000059e-02,-2.358085631625726819e+00,-2.805194739056261072e-03
3.670000000000000345e-02,-2.370129382703453302e+00,-2.709255896900829470e-03
3.679999999999999938e-02,-2.368827355559915304e+00,-2.846311385694303125e-03
3.690000000000000224e-02,-2.355807084124535322e+00,-2.894280806772018926e-03
3.700000000000000511e-02,-2.359062151983380318e+00,-2.750372543538871523e-03
3.710000000000000103e-02,-2.356783604482188821e+00,-2.983366874487776346e-03
3.720000000000000390e-02,-2.365246780915185809e+00,-2.777783641297566081e-03
3.729999999999999982e-02,-2.379243572708219290e+00,-2.873722483452997682e-03
3.740000000000000269e-02,-2.372407930204644799e+00,-2.613317054745397869e-03
3.749999999999999861e-02,-2.388683269498869777e+00,-2.531083761469313763e-03
3.760000000000000148e-02,-2.379569079494103789e+00,-2.647580926943766608e-03
3.770000000000000434e-02,-2.374360970919951797e+00,-2.722961445780176966e-03
3.780000000000000027e-02,-2.378918065922334790e+00,-2.613317054745397869e-03
3.790000000000000313e-02,-2.374035464134067297e+00,-2.558494859228008754e-03
3.799999999999999906e-02,-2.377616038778796792e+00,-2.633875378064419112e-03
3.810000000000000192e-02,-2.378592559136450291e+00,-2.510525438150292953e-03
3.820000000000000479e-02,-2.372082423418760300e+00,-2.716108671340503218e-03
3.830000000000000071e-02,-2.374035464134067297e+00,-2.825753062375281881e-03
3.840000000000000357e-02,-2.380220093065872788e+00,-2.613317054745397869e-03
3.849999999999999950e-02,-2.367525328416377306e+00,-2.853164160133976873e-03
3.860000000000000236e-02,-2.374686477705836296e+00,-2.777783641297566081e-03
3.870000000000000523e-02,-2.376965025207027793e+00,-2.743519769099197776e-03
3.880000000000000115e-02,-2.369478369131684303e+00,-2.544789310348661258e-03
3.890000000000000402e-02,-2.371756916632875800e+00,-2.688697573581808661e-03
3.899999999999999994e-02,-2.373058943776413798e+00,-2.572200408107355816e-03
3.910000000000000281e-02,-2.377290531992912292e+00,-2.572200408107355816e-03
3.919999999999999873e-02,-2.376965025207027793e+00,-2.818900287935608134e-03
3.930000000000000160e-02,-2.382824147352948785e+00,-2.722961445780176966e-03
3.940000000000000446e-02,-2.372407930204644799e+00,-2.606464280305724555e-03
3.950000000000000039e-02,-2.377616038778796792e+00,-2.668139250262787417e-03
3.960000000000000325e-02,-2.380545599851757288e+00,-2.674992024702461165e-03
3.969999999999999918e-02,-2.379894586279988289e+00,-2.702403122461155723e-03
3.980000000000000204e-02,-2.375662998063489795e+00,-2.750372543538871523e-03
3.990000000000000491e-02,-2.373709957348182797e+00,-2.565347633667682502e-03
4.000000000000000083e-02,-2.381847626995295286e+00,-2.695550348021481975e-03
4.010000000000000370e-02,-2.383800667710602283e+00,-2.620169829185071617e-03
4.019999999999999962e-02,-2.378592559136450291e+00,-2.606464280305724555e-03
4.030000000000000249e-02,-2.373384450562298298e+00,-2.448850468193230091e-03
4.040000000000000535e-02,-2.375988504849374294e+00,-2.531083761469313763e-03
4.050000000000000128e-02,-2.386079215211793780e+00,-2.764078092418219019e-03
4.060000000000000414e-02,-2.380545599851757288e+00,-2.640728152504092860e-03
4.070000000000000007e-02,-2.363944753771647811e+00,-2.674992024702461165e-03
4.080000000000000293e-02,-2.386404721997678280e+00,-2.798341964616587324e-03
4.089999999999999886e-02,-2.371756916632875800e+00,-2.681844799142134913e-03
4.100000000000000172e-02,-2.377616038778796792e+00,-2.770930866857892767e-03
4.110000000000000459e-02,-2.379569079494103789e+00,-2.572200408107355816e-03
4.120000000000000051e-02,-2.387381242355331779e+00,-2.435144919313882595e-03
4.130000000000000338e-02,-2.390636310214176774e+00,-2.860016934573650187e-03
4.139999999999999930e-02,-2.386404721997678280e+00,-2.359764400477472237e-03
4.150000000000000216e-02,-2.390636310214176774e+00,-2.640728152504092860e-03
4.160000000000000503e-02,-2.374035464134067297e+00,-2.435144919313882595e-03
4.170000000000000095e-02,-2.380545599851757288e+00,-2.695550348021481975e-03
4.180000000000000382e-02,-2.388357762712985277e+00,-2.770930866857892767e-03
4.189999999999999974e-02,-2.385102694854140282e+00,-2.291236656080735193e-03
4.200000000000000261e-02,-2.396169925574213266e+00,-2.640728152504092860e-03
4.210000000000000547e-02,-2.376965025207027793e+00,-2.558494859228008754e-03
4.220000000000000140e-02,-2.381522120209410787e+00,-2.284383881641061879e-03
4.230000000000000426e-02,-2.395518912002444267e+00,-2.688697573581808661e-03
4.240000000000000019e-02,-2.368176341988146305e+00,-2.428292144874208847e-03
4.250000000000000305e-02,-2.379569079494103789e+00,-2.352911626037798489e-03
4.259999999999999898e-02,-2.384451681282371283e+00,-2.565347633667682502e-03
4.270000000000000184e-02,-2.376314011635258794e+00,-2.585905956986703311e-03
4.280000000000000471e-02,-2.377290531992912292e+00,-2.339206077158450994e-03
4.290000000000000063e-02,-2.387706749141216278e+00,-2.921691904530713483e-03
4.300000000000000350e-02,-2.367525328416377306e+00,-2.757225317978545271e-03
4.309999999999999942e-02,-2.379243572708219290e+00,-2.681844799142134913e-03
4.320000000000000229e-02,-2.376639518421143293e+00,-2.709255896900829470e-03
4.330000000000000515e-02,-2.378592559136450291e+00,-2.496819889270945458e-03
4.340000000000000108e-02,-2.391938337357714772e+00,-2.818900287935608134e-03
4.350000000000000394e-02,-2.374360970919951797e+00,-2.489967114831271710e-03
4.359999999999999987e-02,-2.377290531992912292e+00,-2.695550348021481975e-03
4.370000000000000273e-02,-2.382498640567064285e+00,-2.757225317978545271e-03
4.379999999999999866e-02,-2.364595767343416810e+00,-2.640728152504092860e-03
4.390000000000000152e-02,-2.392589350929483771e+00,-2.674992024702461165e-03
4.400000000000000439e-02,-2.369478369131684303e+00,-2.729814220219850714e-03
4.410000000000000031e-02,-2.382173133781179786e+00,-2.949103002289408040e-03
4.420000000000000318e-02,-2.372407930204644799e+00,-2.839458611254629377e-03
4.429999999999999910e-02,-2.368176341988146305e+00,-2.565347633667682502e-03
4.440000000000000197e-02,-2.375988504849374294e+00,-2.770930866857892767e-03
4.450000000000000483e-02,-2.365246780915185809e+00,-2.558494859228008754e-03
4.460000000000000075e-02,-2.383800667710602283e+00,-3.038189070005165894e-03
4.470000000000000362e-02,-2.373058943776413798e+00,-2.832605836814955629e-03
4.479999999999999954e-02,-2.374686477705836296e+00,-2.421439370434535100e-03
4.490000000000000241e-02,-2.382498640567064285e+00,-2.681844799142134913e-03
4.500000000000000527e-02,-2.375988504849374294e+00,-2.462556017072577152e-03
4.510000000000000120e-02,-2.377941545564681292e+00,-2.736666994659524028e-03
4.520000000000000406e-02,-2.372082423418760300e+00,-2.462556017072577152e-03
4.529999999999999999e-02,-2.376314011635258794e+00,-2.880575257892671430e-03
4.540000000000000285e-02,-2.358085631625726819e+00,-2.832605836814955629e-03
4.549999999999999878e-02,-2.359713165555149317e+00,-2.757225317978545271e-03
4.560000000000000164e-02,-2.369478369131684303e+00,-2.942250227849734293e-03
4.570000000000000451e-02,-2.365246780915185809e+00,-2.743519769099197776e-03
4.580000000000000043e-02,-2.365897794486954808e+00,-2.531083761469313763e-03
4.590000000000000330e-02,-2.379894586279988289e+00,-3.202655656557334106e-03
4.599999999999999922e-02,-2.356783604482188821e+00,-2.777783641297566081e-03
4.610000000000000209e-02,-2.362317219842225313e+00,-2.949103002289408040e-03
4.620000000000000495e-02,-2.379243572708219290e+00,-2.901133581211692240e-03
4.630000000000000088e-02,-2.365572287701070309e+00,-2.668139250262787417e-03
4.640000000000000374e-02,-2.364921274129301310e+00,-2.942250227849734293e-03
4.649999999999999967e-02,-2.367850835202261806e+00,-2.818900287935608134e-03
4.660000000000000253e-02,-2.372082423418760300e+00,-2.866869709013323934e-03
4.670000000000000540e-02,-2.362317219842225313e+00,-2.633875378064419112e-03
4.680000000000000132e-02,-2.378918065922334790e+00,-3.072452942203534199e-03
4.690000000000000419e-02,-2.360364179126918316e+00,-2.791489190176913576e-03
4.700000000000000011e-02,-2.364921274129301310e+00,-2.558494859228008754e-03
4.710000000000000298e-02,-2.382824147352948785e+00,-3.086158491082881695e-03
4.719999999999999890e-02,-2.356783604482188821e+00,-2.846311385694303125e-03
4.730000000000000177e-02,-2.368501848774030805e+00,-2.627022603624745364e-03
4.740000000000000463e-02,-2.371105903061106801e+00,-2.901133581211692240e-03
4.750000000000000056e-02,-2.365246780915185809e+00,-2.668139250262787417e-03
4.760000000000000342e-02,-2.378267052350565791e+00,-2.640728152504092860e-03
4.769999999999999934e-02,-2.372082423418760300e+00,-2.805194739056261072e-03
4.780000000000000221e-02,-2.378918065922334790e+00,-2.860016934573650187e-03
4.790000000000000507e-02,-2.371756916632875800e+00,-2.722961445780176966e-03
4.800000000000000100e-02,-2.369478369131684303e+00,-2.695550348021481975e-03
4.810000000000000386e-02,-2.375988504849374294e+00,-2.681844799142134913e-03
4.819999999999999979e-02,-2.376639518421143293e+00,-2.716108671340503218e-03
4.830000000000000265e-02,-2.366548808058723807e+00,-2.921691904530713483e-03
4.840000000000000552e-02,-2.361015192698687315e+00,-2.818900287935608134e-03
4.850000000000000144e-02,-2.365572287701070309e+00,-2.743519769099197776e-03
4.860000000000000431e-02,-2.369803875917568803e+00,-2.722961445780176966e-03
4.870000000000000023e-02,-2.369152862345799804e+00,-2.716108671340503218e-03
4.880000000000000310e-02,-2.370780396275222301e+00,-3.045041844444839642e-03
4.889999999999999902e-02,-2.376965025207027793e+00,-2.709255896900829470e-03
4.900000000000000189e-02,-2.364921274129301310e+00,-2.736666994659524028e-03
4.910000000000000475e-02,-2.367850835202261806e+00,-2.880575257892671430e-03
4.920000000000000068e-02,-2.360689685912802815e+00,-3.051894618884513390e-03
4.930000000000000354e-02,-2.372407930204644799e+00,-2.729814220219850714e-03
4.939999999999999947e-02,-2.368827355559915304e+00,-2.798341964616587324e-03
4.950000000000000233e-02,-2.379243572708219290e+00,-2.818900287935608134e-03
4.960000000000000520e-02,-2.369152862345799804e+00,-2.702403122461155723e-03
4.970000000000000112e-02,-2.365246780915185809e+00,-2.873722483452997682e-03
4.980000000000000399e-02,-2.362317219842225313e+00,-2.798341964616587324e-03
4.989999999999999991e-02,-2.368827355559915304e+00,-2.832605836814955629e-03
5.000000000000000278e-02,-2.369152862345799804e+00,-2.880575257892671430e-03
5.010000000000000564e-02,-2.369152862345799804e+00,-2.757225317978545271e-03
5.020000000000000157e-02,-2.381196613423526287e+00,-2.736666994659524028e-03
5.030000000000000443e-02,-2.363619246985763311e+00,-2.907986355651365987e-03
5.040000000000000036e-02,-2.369152862345799804e+00,-3.051894618884513390e-03
5.050000000000000322e-02,-2.369478369131684303e+00,-2.894280806772018926e-03
5.059999999999999915e-02,-2.373058943776413798e+00,-2.592758731426377059e-03
5.070000000000000201e-02,-2.370780396275222301e+00,-3.003925197806797589e-03
5.080000000000000487e-02,-2.366874314844608307e+00,-2.928544678970387231e-03
5.090000000000000080e-02,-2.370780396275222301e+00,-2.654433701383439922e-03
5.100000000000000366e-02,-2.375662998063489795e+00,-2.825753062375281881e-03
5.109999999999999959e-02,-2.367850835202261806e+00,-2.784636415737239828e-03
5.120000000000000245e-02,-2.372733436990529299e+00,-2.551642084788335006e-03
5.130000000000000532e-02,-2.379894586279988289e+00,-2.942250227849734293e-03
5.140000000000000124e-02,-2.369478369131684303e+00,-2.599611505866050807e-03
5.150000000000000411e-02,-2.377941545564681292e+00,-2.928544678970387231e-03
5.160000000000000003e-02,-2.368176341988146305e+00,-2.702403122461155723e-03
5.170000000000000290e-02,-2.374035464134067297e+00,-2.421439370434535100e-03
5.180000000000000576e-02,-2.382173133781179786e+00,-3.065600167763860451e-03
5.190000000000000169e-02,-2.367525328416377306e+00,-2.640728152504092860e-03
5.200000000000000455e-02,-2.362968233413994312e+00,-2.537936535908987511e-03
5.210000000000000048e-02,-2.387706749141216278e+00,-3.038189070005165894e-03
5.220000000000000334e-02,-2.362968233413994312e+00,-2.818900287935608134e-03
5.229999999999999927e-02,-2.373709957348182797e+00,-2.551642084788335006e-03
5.240000000000000213e-02,-2.384451681282371283e+00,-2.921691904530713483e-03
5.250000000000000500e-02,-2.354505056980997324e+00,-2.688697573581808661e-03
5.260000000000000092e-02,-2.379569079494103789e+00,-2.955955776729081788e-03
5.270000000000000379e-02,-2.374360970919951797e+00,-2.866869709013323934e-03
5.279999999999999971e-02,-2.360364179126918316e+00,-2.647580926943766608e-03
5.290000000000000258e-02,-2.375337491277605295e+00,-2.661286475823113670e-03
5.300000000000000544e-02,-2.384451681282371283e+00,-2.812047513495934820e-03
5.310000000000000137e-02,-2.365246780915185809e+00,-2.551642084788335006e-03
5.320000000000000423e-02,-2.371756916632875800e+00,-3.072452942203534199e-03
5.330000000000000016e-02,-2.376965025207027793e+00,-2.969661325608429284e-03
5.340000000000000302e-02,-2.365897794486954808e+00,-2.764078092418219019e-03
5.350000000000000588e-02,-2.387381242355331779e+00,-3.038189070005165894e-03
5.360000000000000181e-02,-2.364595767343416810e+00,-2.716108671340503218e-03
5.370000000000000467e-02,-2.376314011635258794e+00,-2.421439370434535100e-03
5.380000000000000060e-02,-2.383800667710602283e+00,-2.914839130091039735e-03
5.390000000000000346e-02,-2.373384450562298298e+00,-2.764078092418219019e-03
5.399999999999999939e-02,-2.371105903061106801e+00,-2.558494859228008754e-03
5.410000000000000225e-02,-2.363293740199878812e+00,-2.907986355651365987e-03
5.420000000000000512e-02,-2.369803875917568803e+00,-2.496819889270945458e-03
5.430000000000000104e-02,-2.382498640567064285e+00,-2.674992024702461165e-03
5.440000000000000391e-02,-2.353528536623343825e+00,-2.668139250262787417e-03
5.449999999999999983e-02,-2.382173133781179786e+00,-2.825753062375281881e-03
5.460000000000000270e-02,-2.360689685912802815e+00,-2.640728152504092860e-03
5.470000000000000556e-02,-2.387706749141216278e+00,-2.846311385694303125e-03
5.480000000000000149e-02,-2.373384450562298298e+00,-2.394028272675840542e-03
5.490000000000000435e-02,-2.381196613423526287e+00,-2.853164160133976873e-03
5.500000000000000028e-02,-2.386404721997678280e+00,-3.051894618884513390e-03
5.510000000000000314e-02,-2.380871106637641788e+00,-3.003925197806797589e-03
5.520000000000000601e-02,-2.368827355559915304e+00,-2.784636415737239828e-03
5.530000000000000193e-02,-2.388357762712985277e+00,-2.743519769099197776e-03
5.540000000000000480e-02,-2.370780396275222301e+00,-2.359764400477472237e-03
5.550000000000000072e-02,-2.389659789856523275e+00,-2.736666994659524028e-03
5.560000000000000359e-02,-2.366548808058723807e+00,-2.544789310348661258e-03
5.569999999999999951e-02,-2.388357762712985277e+00,-2.962808551168755536e-03
5.580000000000000238e-02,-2.383800667710602283e+00,-2.955955776729081788e-03
5.590000000000000524e-02,-2.384451681282371283e+00,-2.729814220219850714e-03
5.600000000000000117e-02,-2.389985296642407775e+00,-2.914839130091039735e-03
5.610000000000000403e-02,-2.362317219842225313e+00,-2.544789310348661258e-03
5.619999999999999996e-02,-2.386404721997678280e+00,-2.770930866857892767e-03
5.630000000000000282e-02,-2.377290531992912292e+00,-2.914839130091039735e-03
5.640000000000000568e-02,-2.364921274129301310e+00,-2.764078092418219019e-03
5.650000000000000161e-02,-2.380871106637641788e+00,-2.448850468193230091e-03
5.660000000000000447e-02,-2.394867898430675268e+00,-2.647580926943766608e-03
5.670000000000000040e-02,-2.380871106637641788e+00,-2.846311385694303125e-03
5.680000000000000326e-02,-2.367850835202261806e+00,-2.928544678970387231e-03
5.690000000000000613e-02,-2.361666206270456314e+00,-3.113569588841576252e-03
5.700000000000000205e-02,-2.362968233413994312e+00,-2.962808551168755536e-03
5.710000000000000492e-02,-2.363944753771647811e+00,-2.579053182547029564e-03
5.720000000000000084e-02,-2.382824147352948785e+00,-2.503672663710619205e-03
5.730000000000000371e-02,-2.372082423418760300e+00,-2.462556017072577152e-03
5.739999999999999963e-02,-2.378592559136450291e+00,-2.510525438150292953e-03
5.750000000000000250e-02,-2.381847626995295286e+00,-2.496819889270945458e-03
5.760000000000000536e-02,-2.380545599851757288e+00,-2.654433701383439922e-03
5.770000000000000129e-02,-2.385753708425909281e+00,-2.709255896900829470e-03
5.780000000000000415e-02,-2.380871106637641788e+00,-2.743519769099197776e-03
5.790000000000000008e-02,-2.373058943776413798e+00,-2.558494859228008754e-03
5.800000000000000294e-02,-2.381847626995295286e+00,-2.627022603624745364e-03
5.810000000000000581e-02,-2.373384450562298298e+00,-2.716108671340503218e-03
5.820000000000000173e-02,-2.368501848774030805e+00,-2.661286475823113670e-03
5.830000000000000460e-02,-2.372733436990529299e+00,-2.853164160133976873e-03
5.840000000000000052e-02,-2.382173133781179786e+00,-2.661286475823113670e-03
5.850000000000000339e-02,-2.375988504849374294e+00,-2.962808551168755536e-03
5.860000000000000625e-02,-2.370454889489337802e+00,-2.784636415737239828e-03
5.870000000000000218e-02,-2.371431409846991301e+00,-2.812047513495934820e-03
5.880000000000000504e-02,-2.366874314844608307e+00,-2.784636415737239828e-03
5.890000000000000097e-02,-2.373058943776413798e+00,-2.784636415737239828e-03
5.900000000000000383e-02,-2.369803875917568803e+00,-2.688697573581808661e-03
5.909999999999999976e-02,-2.361666206270456314e+00,-2.729814220219850714e-03
5.920000000000000262e-02,-2.371105903061106801e+00,-2.846311385694303125e-03
5.930000000000000548e-02,-2.375988504849374294e+00,-2.860016934573650187e-03
5.940000000000000141e-02,-2.371105903061106801e+00,-2.784636415737239828e-03
5.950000000000000427e-02,-2.373384450562298298e+00,-2.798341964616587324e-03
5.960000000000000020e-02,-2.375337491277605295e+00,-2.805194739056261072e-03
5.970000000000000306e-02,-2.370454889489337802e+00,-2.709255896900829470e-03
5.980000000000000593e-02,-2.374035464134067297e+00,-2.722961445780176966e-03
5.990000000000000185e-02,-2.369803875917568803e+00,-2.709255896900829470e-03
6.000000000000000472e-02,-2.374360970919951797e+00,-2.825753062375281881e-03
6.010000000000000064e-02,-2.367525328416377306e+00,-2.955955776729081788e-03
6.020000000000000351e-02,-2.379243572708219290e+00,-2.640728152504092860e-03
6.029999999999999943e-02,-2.362317219842225313e+00,-2.716108671340503218e-03
6.040000000000000230e-02,-2.363944753771647811e+00,-2.880575257892671430e-03
6.050000000000000516e-02,-2.376314011635258794e+00,-2.832605836814955629e-03
6.060000000000000109e-02,-2.370129382703453302e+00,-2.866869709013323934e-03
6.070000000000000395e-02,-2.365897794486954808e+00,-2.832605836814955629e-03
6.079999999999999988e-02,-2.373384450562298298e+00,-2.935397453410060978e-03
6.090000000000000274e-02,-2.377290531992912292e+00,-2.702403122461155723e-03
6.100000000000000561e-02,-2.364921274129301310e+00,-2.709255896900829470e-03
6.110000000000000153e-02,-2.375337491277605295e+00,-2.709255896900829470e-03
6.120000000000000440e-02,-2.371105903061106801e+00,-2.770930866857892767e-03
6.130000000000000032e-02,-2.369478369131684303e+00,-2.633875378064419112e-03
6.140000000000000319e-02,-2.382824147352948785e+00,-2.674992024702461165e-03
6.150000000000000605e-02,-2.375011984491720796e+00,-2.448850468193230091e-03
6.160000000000000198e-02,-2.387381242355331779e+00,-2.791489190176913576e-03
6.170000000000000484e-02,-2.370129382703453302e+00,-2.702403122461155723e-03
6.180000000000000077e-02,-2.366223301272839308e+00,-2.469408791512250900e-03
6.190000000000000363e-02,-2.377616038778796792e+00,-2.764078092418219019e-03
6.199999999999999956e-02,-2.384777188068255782e+00,-2.805194739056261072e-03
6.210000000000000242e-02,-2.374360970919951797e+00,-2.798341964616587324e-03
6.220000000000000528e-02,-2.377616038778796792e+00,-2.394028272675840542e-03
6.230000000000000121e-02,-2.380871106637641788e+00,-2.702403122461155723e-03
6.240000000000000407e-02,-2.390636310214176774e+00,-2.949103002289408040e-03
6.250000000000000000e-02,-2.377290531992912292e+00,-2.654433701383439922e-03
6.260000000000000286e-02,-2.374035464134067297e+00,-2.462556017072577152e-03
6.270000000000000573e-02,-2.383149654138833284e+00,-2.599611505866050807e-03
6.280000000000000859e-02,-2.389334283070638776e+00,-2.907986355651365987e-03
6.289999999999999758e-02,-2.396820939145982265e+00,-2.839458611254629377e-03
6.300000000000000044e-02,-2.385753708425909281e+00,-2.633875378064419112e-03
6.310000000000000331e-02,-2.365572287701070309e+00,-2.791489190176913576e-03
6.320000000000000617e-02,-2.382173133781179786e+00,-2.400881047115514290e-03
6.330000000000000904e-02,-2.370780396275222301e+00,-2.668139250262787417e-03
6.339999999999999802e-02,-2.381847626995295286e+00,-2.853164160133976873e-03
6.350000000000000089e-02,-2.384126174496486783e+00,-2.866869709013323934e-03
6.360000000000000375e-02,-2.382824147352948785e+00,-2.722961445780176966e-03
6.370000000000000662e-02,-2.366874314844608307e+00,-2.729814220219850714e-03
6.380000000000000948e-02,-2.366223301272839308e+00,-2.558494859228008754e-03
6.389999999999999847e-02,-2.371756916632875800e+00,-2.572200408107355816e-03
6.400000000000000133e-02,-2.373709957348182797e+00,-2.887428032332345178e-03
6.410000000000000420e-02,-2.377290531992912292e+00,-3.127275137720923748e-03
6.420000000000000706e-02,-2.366223301272839308e+00,-2.955955776729081788e-03
6.430000000000000993e-02,-2.373384450562298298e+00,-2.654433701383439922e-03
6.439999999999999891e-02,-2.391612830571830273e+00,-2.435144919313882595e-03
6.450000000000000178e-02,-2.383800667710602283e+00,-2.764078092418219019e-03
6.460000000000000464e-02,-2.375011984491720796e+00,-2.400881047115514290e-03
6.470000000000000751e-02,-2.393565871287137270e+00,-2.599611505866050807e-03
6.479999999999999649e-02,-2.375011984491720796e+00,-2.750372543538871523e-03
6.489999999999999936e-02,-2.371431409846991301e+00,-2.544789310348661258e-03
6.500000000000000222e-02,-2.385753708425909281e+00,-2.688697573581808661e-03
6.510000000000000508e-02,-2.368501848774030805e+00,-2.455703242632903405e-03
6.520000000000000795e-02,-2.368501848774030805e+00,-2.565347633667682502e-03
6.529999999999999694e-02,-2.382498640567064285e+00,-2.860016934573650187e-03
6.539999999999999980e-02,-2.379569079494103789e+00,-2.352911626037798489e-03
6.550000000000000266e-02,-2.384451681282371283e+00,-2.743519769099197776e-03
6.560000000000000553e-02,-2.370780396275222301e+00,-2.476261565951924648e-03
6.570000000000000839e-02,-2.377290531992912292e+00,-2.695550348021481975e-03
6.579999999999999738e-02,-2.384777188068255782e+00,-2.702403122461155723e-03
6.590000000000000024e-02,-2.361666206270456314e+00,-2.606464280305724555e-03
6.600000000000000311e-02,-2.380545599851757288e+00,-2.736666994659524028e-03
6.610000000000000597e-02,-2.376965025207027793e+00,-2.681844799142134913e-03
6.620000000000000884e-02,-2.379569079494103789e+00,-2.695550348021481975e-03
6.629999999999999782e-02,-2.372733436990529299e+00,-2.524230987029640449e-03
6.640000000000000069e-02,-2.370129382703453302e+00,-2.860016934573650187e-03
6.650000000000000355e-02,-2.372733436990529299e+00,-2.736666994659524028e-03
6.660000000000000642e-02,-2.366223301272839308e+00,-2.812047513495934820e-03
6.670000000000000928e-02,-2.376639518421143293e+00,-2.928544678970387231e-03
6.679999999999999827e-02,-2.376314011635258794e+00,-2.503672663710619205e-03
6.690000000000000113e-02,-2.378918065922334790e+00,-2.743519769099197776e-03
6.700000000000000400e-02,-2.372407930204644799e+00,-2.558494859228008754e-03
6.710000000000000686e-02,-2.362968233413994312e+00,-2.729814220219850714e-03
6.720000000000000973e-02,-2.379569079494103789e+00,-2.880575257892671430e-03
6.729999999999999871e-02,-2.367850835202261806e+00,-2.681844799142134913e-03
6.740000000000000158e-02,-2.365897794486954808e+00,-2.695550348021481975e-03
6.750000000000000444e-02,-2.357109111268073320e+00,-2.798341964616587324e-03
6.760000000000000731e-02,-2.376965025207027793e+00,-2.812047513495934820e-03
6.770000000000001017e-02,-2.364921274129301310e+00,-2.613317054745397869e-03
6.779999999999999916e-02,-2.367199821630492806e+00,-2.873722483452997682e-03
6.790000000000000202e-02,-2.372733436990529299e+00,-3.134127912160597496e-03
6.800000000000000488e-02,-2.363944753771647811e+00,-2.853164160133976873e-03
6.810000000000000775e-02,-2.367199821630492806e+00,-3.086158491082881695e-03
6.819999999999999674e-02,-2.375337491277605295e+00,-2.969661325608429284e-03
6.829999999999999960e-02,-2.373384450562298298e+00,-2.914839130091039735e-03
6.840000000000000246e-02,-2.351901002693921328e+00,-3.031336295565492146e-03
6.850000000000000533e-02,-2.370780396275222301e+00,-3.058747393324187137e-03
6.860000000000000819e-02,-2.370780396275222301e+00,-2.812047513495934820e-03
6.869999999999999718e-02,-2.372407930204644799e+00,-2.928544678970387231e-03
6.880000000000000004e-02,-2.369803875917568803e+00,-2.585905956986703311e-03
6.890000000000000291e-02,-2.359387658769264817e+00,-2.866869709013323934e-03
6.900000000000000577e-02,-2.365572287701070309e+00,-2.955955776729081788e-03
6.910000000000000864e-02,-2.362968233413994312e+00,-2.887428032332345178e-03
6.919999999999999762e-02,-2.359062151983380318e+00,-2.866869709013323934e-03
6.930000000000000049e-02,-2.354830563766881824e+00,-2.907986355651365987e-03
6.940000000000000335e-02,-2.374686477705836296e+00,-3.010777972246471337e-03
6.950000000000000622e-02,-2.368176341988146305e+00,-2.901133581211692240e-03
6.960000000000000908e-02,-2.371431409846991301e+00,-2.633875378064419112e-03
6.969999999999999807e-02,-2.358085631625726819e+00,-2.832605836814955629e-03
6.980000000000000093e-02,-2.364270260557532310e+00,-2.777783641297566081e-03
6.990000000000000380e-02,-2.369803875917568803e+00,-2.873722483452997682e-03
7.000000000000000666e-02,-2.365572287701070309e+00,-2.887428032332345178e-03
7.010000000000000953e-02,-2.379569079494103789e+00,-2.955955776729081788e-03
7.019999999999999851e-02,-2.367850835202261806e+00,-2.709255896900829470e-03
7.030000000000000138e-02,-2.361340699484571815e+00,-3.072452942203534199e-03
7.040000000000000424e-02,-2.368176341988146305e+00,-2.846311385694303125e-03
7.050000000000000711e-02,-2.366874314844608307e+00,-2.798341964616587324e-03
7.060000000000000997e-02,-2.356132590910419822e+00,-2.921691904530713483e-03
7.069999999999999896e-02,-2.361015192698687315e+00,-2.860016934573650187e-03
7.080000000000000182e-02,-2.363944753771647811e+00,-2.853164160133976873e-03
7.090000000000000469e-02,-2.371431409846991301e+00,-2.949103002289408040e-03
7.100000000000000755e-02,-2.368827355559915304e+00,-3.127275137720923748e-03
7.109999999999999654e-02,-2.356783604482188821e+00,-3.099864039962229190e-03
7.119999999999999940e-02,-2.362317219842225313e+00,-2.997072423367123841e-03
7.130000000000000226e-02,-2.363293740199878812e+00,-3.223213979876354916e-03
7.140000000000000513e-02,-2.368501848774030805e+00,-3.298594498712765707e-03
7.150000000000000799e-02,-2.371756916632875800e+00,-3.065600167763860451e-03
7.159999999999999698e-02,-2.363619246985763311e+00,-2.702403122461155723e-03
7.169999999999999984e-02,-2.358411138411611319e+00,-2.544789310348661258e-03
7.180000000000000271e-02,-2.355156070552766323e+00,-3.147833461039944557e-03
7.190000000000000557e-02,-2.371431409846991301e+00,-3.086158491082881695e-03
7.200000000000000844e-02,-2.342461305903270841e+00,-2.866869709013323934e-03
7.209999999999999742e-02,-2.362968233413994312e+00,-3.421944438626891866e-03
7.220000000000000029e-02,-2.346367387333884835e+00,-3.134127912160597496e-03
7.230000000000000315e-02,-2.363944753771647811e+00,-2.681844799142134913e-03
7.240000000000000602e-02,-2.369803875917568803e+00,-2.887428032332345178e-03
7.250000000000000888e-02,-2.376639518421143293e+00,-3.175244558798639549e-03
7.259999999999999787e-02,-2.360689685912802815e+00,-2.668139250262787417e-03
7.270000000000000073e-02,-2.354179550195112824e+00,-2.949103002289408040e-03
7.280000000000000360e-02,-2.371431409846991301e+00,-2.435144919313882595e-03
7.290000000000000646e-02,-2.350598975550383329e+00,-2.558494859228008754e-03
7.300000000000000933e-02,-2.374686477705836296e+00,-2.942250227849734293e-03
7.309999999999999831e-02,-2.361015192698687315e+00,-2.695550348021481975e-03
7.320000000000000118e-02,-2.363619246985763311e+00,-3.332858370911134013e-03
7.330000000000000404e-02,-2.346367387333884835e+00,-3.305447273152439022e-03
7.340000000000000691e-02,-2.343763333046808839e+00,-3.380827791988849813e-03
7.350000000000000977e-02,-2.343437826260924339e+00,-3.319152822031786517e-03
7.359999999999999876e-02,-2.344088839832693338e+00,-2.866869709013323934e-03
7.370000000000000162e-02,-2.365246780915185809e+00,-2.997072423367123841e-03
7.380000000000000449e-02,-2.337253197329118848e+00,-3.291741724273091960e-03
7.390000000000000735e-02,-2.335951170185580850e+00,-3.401386115307870623e-03
7.400000000000001021e-02,-2.350924482336267829e+00,-3.072452942203534199e-03
7.409999999999999920e-02,-2.348645934835076332e+00,-2.969661325608429284e-03
7.420000000000000207e-02,-2.375011984491720796e+00,-3.072452942203534199e-03
7.430000000000000493e-02,-2.346041880548000336e+00,-2.976514100048103031e-03
7.440000000000000779e-02,-2.340508265187963843e+00,-2.907986355651365987e-03
7.449999999999999678e-02,-2.335625663399696350e+00,-3.161539009919292053e-03
7.459999999999999964e-02,-2.334323636256158352e+00,-3.243772303195376159e-03
7.470000000000000251e-02,-2.332696102326735854e+00,-3.236919528755702411e-03
7.480000000000000537e-02,-2.337904210900887847e+00,-2.955955776729081788e-03
7.490000000000000824e-02,-2.360689685912802815e+00,-3.106716814401902504e-03
7.499999999999999722e-02,-2.366223301272839308e+00,-3.140980686600270810e-03
7.510000000000000009e-02,-2.359062151983380318e+00,-3.367122243109502318e-03
7.520000000000000295e-02,-2.349296948406845331e+00,-3.291741724273091960e-03
7.530000000000000582e-02,-2.342786812689155340e+00,-3.106716814401902504e-03
7.540000000000000868e-02,-2.334649143042042851e+00,-2.907986355651365987e-03
7.549999999999999767e-02,-2.346367387333884835e+00,-2.654433701383439922e-03
7.560000000000000053e-02,-2.358411138411611319e+00,-2.606464280305724555e-03
7.570000000000000340e-02,-2.380871106637641788e+00,-2.688697573581808661e-03
7.580000000000000626e-02,-2.360038672341033816e+00,-3.017630746686145084e-03
7.590000000000000913e-02,-2.357760124839842319e+00,-3.360269468669828570e-03
7.599999999999999811e-02,-2.360038672341033816e+00,-2.661286475823113670e-03
7.610000000000000098e-02,-2.364921274129301310e+00,-2.969661325608429284e-03
7.620000000000000384e-02,-2.363619246985763311e+00,-3.058747393324187137e-03
7.630000000000000671e-02,-2.375662998063489795e+00,-2.462556017072577152e-03
7.640000000000000957e-02,-2.366223301272839308e+00,-2.716108671340503218e-03
7.649999999999999856e-02,-2.382498640567064285e+00,-2.791489190176913576e-03
7.660000000000000142e-02,-2.381196613423526287e+00,-2.853164160133976873e-03
7.670000000000000429e-02,-2.379569079494103789e+00,-2.435144919313882595e-03
7.680000000000000715e-02,-2.362968233413994312e+00,-2.441997693753556343e-03
7.690000000000001001e-02,-2.380871106637641788e+00,-2.757225317978545271e-03
7.699999999999999900e-02,-2.368501848774030805e+00,-2.942250227849734293e-03
7.710000000000000187e-02,-2.383149654138833284e+00,-3.045041844444839642e-03
7.720000000000000473e-02,-2.354179550195112824e+00,-2.647580926943766608e-03
7.730000000000000759e-02,-2.385102694854140282e+00,-3.086158491082881695e-03
7.740000000000001046e-02,-2.378592559136450291e+00,-2.441997693753556343e-03
7.749999999999999944e-02,-2.384126174496486783e+00,-2.736666994659524028e-03
7.760000000000000231e-02,-2.372082423418760300e+00,-2.928544678970387231e-03
7.770000000000000517e-02,-2.364595767343416810e+00,-2.716108671340503218e-03
7.780000000000000804e-02,-2.373384450562298298e+00,-2.784636415737239828e-03
7.789999999999999702e-02,-2.377941545564681292e+00,-2.551642084788335006e-03
7.799999999999999989e-02,-2.381196613423526287e+00,-2.517378212589966701e-03
7.810000000000000275e-02,-2.388357762712985277e+00,-2.400881047115514290e-03
7.820000000000000562e-02,-2.385753708425909281e+00,-2.606464280305724555e-03
7.830000000000000848e-02,-2.386404721997678280e+00,-2.510525438150292953e-03
7.839999999999999747e-02,-2.380220093065872788e+00,-2.483114340391598396e-03
7.850000000000000033e-02,-2.372082423418760300e+00,-2.633875378064419112e-03
7.860000000000000320e-02,-2.370454889489337802e+00,-2.503672663710619205e-03
7.870000000000000606e-02,-2.369152862345799804e+00,-2.812047513495934820e-03
7.880000000000000893e-02,-2.377616038778796792e+00,-2.681844799142134913e-03
7.889999999999999791e-02,-2.376639518421143293e+00,-2.606464280305724555e-03
7.900000000000000078e-02,-2.360364179126918316e+00,-2.818900287935608134e-03
7.910000000000000364e-02,-2.377616038778796792e+00,-2.757225317978545271e-03
7.920000000000000651e-02,-2.381522120209410787e+00,-2.866869709013323934e-03
7.930000000000000937e-02,-2.368176341988146305e+00,-2.853164160133976873e-03
7.939999999999999836e-02,-2.374686477705836296e+00,-2.928544678970387231e-03
7.950000000000000122e-02,-2.374360970919951797e+00,-2.668139250262787417e-03
7.960000000000000409e-02,-2.382173133781179786e+00,-2.743519769099197776e-03
7.970000000000000695e-02,-2.386079215211793780e+00,-2.524230987029640449e-03
7.980000000000000981e-02,-2.377941545564681292e+00,-2.558494859228008754e-03
7.989999999999999880e-02,-2.374360970919951797e+00,-2.661286475823113670e-03
8.000000000000000167e-02,-2.378918065922334790e+00,-2.812047513495934820e-03
8.010000000000000453e-02,-2.371105903061106801e+00,-2.750372543538871523e-03
8.020000000000000739e-02,-2.373058943776413798e+00,-2.627022603624745364e-03
8.030000000000001026e-02,-2.367199821630492806e+00,-2.887428032332345178e-03
8.039999999999999925e-02,-2.362968233413994312e+00,-3.003925197806797589e-03
8.050000000000000211e-02,-2.378918065922334790e+00,-2.860016934573650187e-03
8.060000000000000497e-02,-2.366874314844608307e+00,-2.674992024702461165e-03
8.070000000000000784e-02,-2.367199821630492806e+00,-2.668139250262787417e-03
8.080000000000001070e-02,-2.375337491277605295e+00,-2.990219648927450093e-03
8.089999999999999969e-02,-2.373384450562298298e+00,-2.592758731426377059e-03
8.100000000000000255e-02,-2.374686477705836296e+00,-2.805194739056261072e-03
8.110000000000000542e-02,-2.378918065922334790e+00,-2.428292144874208847e-03
8.120000000000000828e-02,-2.379894586279988289e+00,-2.585905956986703311e-03
8.129999999999999727e-02,-2.385428201640024781e+00,-2.770930866857892767e-03
8.140000000000000013e-02,-2.377616038778796792e+00,-2.955955776729081788e-03
8.150000000000000300e-02,-2.359387658769264817e+00,-2.428292144874208847e-03
8.160000000000000586e-02,-2.362317219842225313e+00,-2.894280806772018926e-03
8.170000000000000873e-02,-2.367850835202261806e+00,-2.620169829185071617e-03
8.179999999999999771e-02,-2.365246780915185809e+00,-2.380322723796493047e-03
8.190000000000000058e-02,-2.381847626995295286e+00,-2.585905956986703311e-03
8.200000000000000344e-02,-2.391938337357714772e+00,-2.489967114831271710e-03
8.210000000000000631e-02,-2.382173133781179786e+00,-2.537936535908987511e-03
8.220000000000000917e-02,-2.392914857715368271e+00,-2.716108671340503218e-03
8.229999999999999816e-02,-2.375662998063489795e+00,-2.606464280305724555e-03
8.240000000000000102e-02,-2.386404721997678280e+00,-2.524230987029640449e-03
8.250000000000000389e-02,-2.378592559136450291e+00,-2.359764400477472237e-03
8.260000000000000675e-02,-2.382824147352948785e+00,-2.729814220219850714e-03
8.270000000000000961e-02,-2.369152862345799804e+00,-2.647580926943766608e-03
8.279999999999999860e-02,-2.371756916632875800e+00,-2.592758731426377059e-03
8.290000000000000147e-02,-2.385428201640024781e+00,-2.825753062375281881e-03
8.300000000000000433e-02,-2.366548808058723807e+00,-2.654433701383439922e-03
8.310000000000000719e-02,-2.388357762712985277e+00,-2.894280806772018926e-03
8.320000000000001006e-02,-2.374035464134067297e+00,-2.448850468193230091e-03
8.329999999999999905e-02,-2.386730228783562779e+00,-2.352911626037798489e-03
8.340000000000000191e-02,-2.362642726628109813e+00,-2.668139250262787417e-03
8.350000000000000477e-02,-2.391287323785945773e+00,-2.743519769099197776e-03
8.360000000000000764e-02,-2.375662998063489795e+00,-2.469408791512250900e-03
8.370000000000001050e-02,-2.375662998063489795e+00,-2.757225317978545271e-03
8.379999999999999949e-02,-2.375337491277605295e+00,-2.654433701383439922e-03
8.390000000000000235e-02,-2.365572287701070309e+00,-2.695550348021481975e-03
8.400000000000000522e-02,-2.388357762712985277e+00,-2.469408791512250900e-03
8.410000000000000808e-02,-2.372407930204644799e+00,-2.524230987029640449e-03
8.420000000000001095e-02,-2.389659789856523275e+00,-2.674992024702461165e-03
8.429999999999999993e-02,-2.385753708425909281e+00,-2.256972783882366888e-03
8.440000000000000280e-02,-2.377616038778796792e+00,-2.421439370434535100e-03
8.450000000000000566e-02,-2.376965025207027793e+00,-2.620169829185071617e-03
8.460000000000000853e-02,-2.380871106637641788e+00,-2.565347633667682502e-03
8.469999999999999751e-02,-2.391938337357714772e+00,-2.633875378064419112e-03
8.480000000000000038e-02,-2.375011984491720796e+00,-2.476261565951924648e-03
8.490000000000000324e-02,-2.387706749141216278e+00,-2.462556017072577152e-03
8.500000000000000611e-02,-2.373709957348182797e+00,-2.722961445780176966e-03
8.510000000000000897e-02,-2.383475160924717784e+00,-2.229561686123672330e-03
8.519999999999999796e-02,-2.389008776284754276e+00,-2.640728152504092860e-03
8.530000000000000082e-02,-2.371756916632875800e+00,-2.325500528279103932e-03
8.540000000000000369e-02,-2.394216884858906269e+00,-2.901133581211692240e-03
8.550000000000000655e-02,-2.362642726628109813e+00,-2.695550348021481975e-03
8.560000000000000941e-02,-2.366548808058723807e+00,-2.599611505866050807e-03
8.569999999999999840e-02,-2.390961817000061274e+00,-2.805194739056261072e-03
8.580000000000000127e-02,-2.373709957348182797e+00,-2.983366874487776346e-03
8.590000000000000413e-02,-2.386404721997678280e+00,-2.853164160133976873e-03
8.600000000000000699e-02,-2.391287323785945773e+00,-2.764078092418219019e-03
8.610000000000000986e-02,-2.387381242355331779e+00,-2.873722483452997682e-03
8.619999999999999885e-02,-2.377941545564681292e+00,-2.764078092418219019e-03
8.630000000000000171e-02,-2.366874314844608307e+00,-2.709255896900829470e-03
8.640000000000000457e-02,-2.362642726628109813e+00,-2.722961445780176966e-03
8.650000000000000744e-02,-2.376965025207027793e+00,-2.901133581211692240e-03
8.660000000000001030e-02,-2.372733436990529299e+00,-2.647580926943766608e-03
8.669999999999999929e-02,-2.371756916632875800e+00,-2.798341964616587324e-03
8.680000000000000215e-02,-2.385102694854140282e+00,-3.010777972246471337e-03
8.690000000000000502e-02,-2.394867898430675268e+00,-2.832605836814955629e-03
8.700000000000000788e-02,-2.403005568077787757e+00,-2.380322723796493047e-03
8.710000000000001075e-02,-2.385102694854140282e+00,-2.510525438150292953e-03
8.719999999999999973e-02,-2.374035464134067297e+00,-2.544789310348661258e-03
8.730000000000000260e-02,-2.395193405216559768e+00,-2.825753062375281881e-03
8.740000000000000546e-02,-2.372082423418760300e+00,-2.702403122461155723e-03
8.750000000000000833e-02,-2.372082423418760300e+00,-2.579053182547029564e-03
8.759999999999999731e-02,-2.381196613423526287e+00,-2.414586595994861352e-03
8.770000000000000018e-02,-2.383800667710602283e+00,-2.620169829185071617e-03
8.780000000000000304e-02,-2.383800667710602283e+00,-2.551642084788335006e-03
8.790000000000000591e-02,-2.379569079494103789e+00,-2.510525438150292953e-03
8.800000000000000877e-02,-2.383800667710602283e+00,-2.825753062375281881e-03
8.809999999999999776e-02,-2.377616038778796792e+00,-2.572200408107355816e-03
8.820000000000000062e-02,-2.377941545564681292e+00,-2.572200408107355816e-03
8.830000000000000349e-02,-2.387055735569447279e+00,-2.592758731426377059e-03
8.840000000000000635e-02,-2.378918065922334790e+00,-2.599611505866050807e-03
8.850000000000000921e-02,-2.379894586279988289e+00,-2.942250227849734293e-03
8.859999999999999820e-02,-2.372733436990529299e+00,-2.599611505866050807e-03
8.870000000000000107e-02,-2.382824147352948785e+00,-2.599611505866050807e-03
8.880000000000000393e-02,-2.372733436990529299e+00,-2.551642084788335006e-03
8.890000000000000679e-02,-2.372407930204644799e+00,-2.544789310348661258e-03
8.900000000000000966e-02,-2.380545599851757288e+00,-2.709255896900829470e-03
8.909999999999999865e-02,-2.374686477705836296e+00,-2.798341964616587324e-03
8.920000000000000151e-02,-2.367525328416377306e+00,-2.654433701383439922e-03
8.930000000000000437e-02,-2.366223301272839308e+00,-2.668139250262787417e-03
8.940000000000000724e-02,-2.389008776284754276e+00,-2.702403122461155723e-03
8.950000000000001010e-02,-2.376965025207027793e+00,-2.990219648927450093e-03
8.959999999999999909e-02,-2.375337491277605295e+00,-2.729814220219850714e-03
8.970000000000000195e-02,-2.386404721997678280e+00,-2.654433701383439922e-03
8.980000000000000482e-02,-2.375988504849374294e+00,-2.668139250262787417e-03
8.990000000000000768e-02,-2.375988504849374294e+00,-2.770930866857892767e-03
9.000000000000001055e-02,-2.375988504849374294e+00,-2.722961445780176966e-03
9.009999999999999953e-02,-2.365897794486954808e+00,-2.976514100048103031e-03
9.020000000000000240e-02,-2.361666206270456314e+00,-2.997072423367123841e-03
9.030000000000000526e-02,-2.364921274129301310e+00,-2.592758731426377059e-03
9.040000000000000813e-02,-2.377290531992912292e+00,-3.003925197806797589e-03
9.050000000000001099e-02,-2.364595767343416810e+00,-2.955955776729081788e-03
9.059999999999999998e-02,-2.365246780915185809e+00,-2.812047513495934820e-03
9.070000000000000284e-02,-2.378592559136450291e+00,-2.873722483452997682e-03
9.080000000000000571e-02,-2.366223301272839308e+00,-2.901133581211692240e-03
9.090000000000000857e-02,-2.375011984491720796e+00,-2.592758731426377059e-03
9.099999999999999756e-02,-2.379243572708219290e+00,-2.887428032332345178e-03
9.110000000000000042e-02,-2.366223301272839308e+00,-2.736666994659524028e-03
9.120000000000000329e-02,-2.378592559136450291e+00,-2.914839130091039735e-03
9.130000000000000615e-02,-2.367850835202261806e+00,-2.791489190176913576e-03
9.140000000000000902e-02,-2.371431409846991301e+00,-2.613317054745397869e-03
9.149999999999999800e-02,-2.377616038778796792e+00,-2.812047513495934820e-03
9.160000000000000087e-02,-2.368176341988146305e+00,-2.702403122461155723e-03
9.170000000000000373e-02,-2.374035464134067297e+00,-2.955955776729081788e-03
9.180000000000000659e-02,-2.380220093065872788e+00,-2.757225317978545271e-03
9.190000000000000946e-02,-2.363619246985763311e+00,-2.674992024702461165e-03
9.199999999999999845e-02,-2.378918065922334790e+00,-2.990219648927450093e-03
9.210000000000000131e-02,-2.370129382703453302e+00,-2.860016934573650187e-03
9.220000000000000417e-02,-2.371431409846991301e+00,-2.387175498236166794e-03
9.230000000000000704e-02,-2.382498640567064285e+00,-2.949103002289408040e-03
9.240000000000000990e-02,-2.367850835202261806e+00,-2.997072423367123841e-03
9.249999999999999889e-02,-2.363944753771647811e+00,-2.784636415737239828e-03
9.260000000000000175e-02,-2.375988504849374294e+00,-2.839458611254629377e-03
9.270000000000000462e-02,-2.368176341988146305e+00,-2.551642084788335006e-03
9.280000000000000748e-02,-2.384777188068255782e+00,-2.702403122461155723e-03
9.290000000000001035e-02,-2.377941545564681292e+00,-2.489967114831271710e-03
9.299999999999999933e-02,-2.377616038778796792e+00,-2.770930866857892767e-03
9.310000000000000220e-02,-2.379243572708219290e+00,-2.839458611254629377e-03
9.320000000000000506e-02,-2.372733436990529299e+00,-2.558494859228008754e-03
9.330000000000000793e-02,-2.381196613423526287e+00,-2.901133581211692240e-03
9.340000000000001079e-02,-2.362968233413994312e+00,-2.976514100048103031e-03
9.349999999999999978e-02,-2.367850835202261806e+00,-2.640728152504092860e-03
9.360000000000000264e-02,-2.380545599851757288e+00,-2.880575257892671430e-03
9.370000000000000551e-02,-2.367850835202261806e+00,-2.722961445780176966e-03
9.380000000000000837e-02,-2.368827355559915304e+00,-2.887428032332345178e-03
9.390000000000001124e-02,-2.383800667710602283e+00,-2.997072423367123841e-03
9.400000000000000022e-02,-2.364270260557532310e+00,-2.757225317978545271e-03
9.410000000000000309e-02,-2.370780396275222301e+00,-2.537936535908987511e-03
9.420000000000000595e-02,-2.386730228783562779e+00,-2.846311385694303125e-03
9.430000000000000882e-02,-2.374686477705836296e+00,-2.346058851598124741e-03
9.439999999999999780e-02,-2.393565871287137270e+00,-2.777783641297566081e-03
9.450000000000000067e-02,-2.365897794486954808e+00,-2.613317054745397869e-03
9.460000000000000353e-02,-2.380871106637641788e+00,-2.873722483452997682e-03
9.470000000000000639e-02,-2.357434618053957820e+00,-2.942250227849734293e-03
9.480000000000000926e-02,-2.372733436990529299e+00,-2.462556017072577152e-03
9.489999999999999825e-02,-2.382173133781179786e+00,-2.812047513495934820e-03
9.500000000000000111e-02,-2.368827355559915304e+00,-2.640728152504092860e-03
9.510000000000000397e-02,-2.384126174496486783e+00,-2.997072423367123841e-03
9.520000000000000684e-02,-2.364921274129301310e+00,-2.757225317978545271e-03
9.530000000000000970e-02,-2.363293740199878812e+00,-2.818900287935608134e-03
9.539999999999999869e-02,-2.373384450562298298e+00,-2.839458611254629377e-03
9.550000000000000155e-02,-2.365246780915185809e+00,-2.633875378064419112e-03
9.560000000000000442e-02,-2.380220093065872788e+00,-2.942250227849734293e-03
9.570000000000000728e-02,-2.363619246985763311e+00,-2.572200408107355816e-03
9.580000000000001015e-02,-2.373058943776413798e+00,-2.853164160133976873e-03
9.589999999999999913e-02,-2.371105903061106801e+00,-2.812047513495934820e-03
9.600000000000000200e-02,-2.370129382703453302e+00,-2.414586595994861352e-03
9.610000000000000486e-02,-2.364595767343416810e+00,-2.818900287935608134e-03
9.620000000000000773e-02,-2.372733436990529299e+00,-2.489967114831271710e-03
9.630000000000001059e-02,-2.369803875917568803e+00,-2.435144919313882595e-03
9.639999999999999958e-02,-2.370454889489337802e+00,-2.483114340391598396e-03
9.650000000000000244e-02,-2.360364179126918316e+00,-2.531083761469313763e-03
9.660000000000000531e-02,-2.369478369131684303e+00,-2.722961445780176966e-03
9.670000000000000817e-02,-2.366874314844608307e+00,-2.695550348021481975e-03
9.680000000000001104e-02,-2.385428201640024781e+00,-2.572200408107355816e-03
9.690000000000000002e-02,-2.370780396275222301e+00,-2.599611505866050807e-03
9.700000000000000289e-02,-2.371431409846991301e+00,-2.702403122461155723e-03
9.710000000000000575e-02,-2.385753708425909281e+00,-2.633875378064419112e-03
9.720000000000000862e-02,-2.375988504849374294e+00,-2.551642084788335006e-03
9.730000000000001148e-02,-2.386730228783562779e+00,-2.873722483452997682e-03
9.740000000000000047e-02,-2.381196613423526287e+00,-2.462556017072577152e-03
9.750000000000000333e-02,-2.375011984491720796e+00,-2.729814220219850714e-03
9.760000000000000620e-02,-2.379243572708219290e+00,-2.722961445780176966e-03
9.770000000000000906e-02,-2.373384450562298298e+00,-2.640728152504092860e-03
9.779999999999999805e-02,-2.364921274129301310e+00,-2.668139250262787417e-03
9.790000000000000091e-02,-2.373709957348182797e+00,-2.585905956986703311e-03
9.800000000000000377e-02,-2.376965025207027793e+00,-2.585905956986703311e-03
9.810000000000000664e-02,-2.379243572708219290e+00,-2.620169829185071617e-03
9.820000000000000950e-02,-2.378592559136450291e+00,-2.647580926943766608e-03
9.829999999999999849e-02,-2.379894586279988289e+00,-2.620169829185071617e-03
9.840000000000000135e-02,-2.385428201640024781e+00,-2.647580926943766608e-03
9.850000000000000422e-02,-2.378592559136450291e+00,-2.640728152504092860e-03
9.860000000000000708e-02,-2.378592559136450291e+00,-2.517378212589966701e-03
9.870000000000000995e-02,-2.369803875917568803e+00,-2.729814220219850714e-03
9.879999999999999893e-02,-2.374360970919951797e+00,-2.784636415737239828e-03
9.890000000000000180e-02,-2.375011984491720796e+00,-2.688697573581808661e-03
9.900000000000000466e-02,-2.376965025207027793e+00,-2.654433701383439922e-03
9.910000000000000753e-02,-2.373709957348182797e+00,-2.654433701383439922e-03
9.920000000000001039e-02,-2.373058943776413798e+00,-2.674992024702461165e-03
9.929999999999999938e-02,-2.375662998063489795e+00,-2.770930866857892767e-03
9.940000000000000224e-02,-2.369478369131684303e+00,-2.757225317978545271e-03
9.950000000000000511e-02,-2.380220093065872788e+00,-2.743519769099197776e-03
9.960000000000000797e-02,-2.382173133781179786e+00,-2.709255896900829470e-03
9.970000000000001084e-02,-2.380545599851757288e+00,-2.400881047115514290e-03
9.979999999999999982e-02,-2.368501848774030805e+00,-2.722961445780176966e-03
9.990000000000000269e-02,-2.368501848774030805e+00,-2.722961445780176966e-03
